customer_id,name,age,gender,region,plan,join_date,churn_yn,churn_date,consult_count,recontact_rate,unresolved_rate,avg_csat,avg_nps,avg_data_gb,avg_call_min,avg_app_login_count,active_month_count,data_gb_change_pct,voc_count,negative_voc_rate
C001,황하은,66,여,서울,프리미엄,2023-03-31,N,,2.0,0.0,0.0,2.5,7.0,62.81166666666667,264.4166666666667,13.666666666666666,12,16.710272850119296,3.0,33.33333333333333
C002,장소율,35,여,경기,스탠다드,2022-06-14,N,,3.0,0.0,33.33333333333333,4.0,4.333333333333333,15.388333333333334,198.58333333333334,11.0,12,8.13796212804328,2.0,50.0
C003,임소율,65,여,경기,프리미엄,2023-11-11,N,,4.0,0.0,25.0,3.5,6.5,62.310833333333335,314.0833333333333,16.916666666666668,12,0.0026747980527445847,4.0,25.0
C004,권지현,65,남,경기,프리미엄,2024-06-28,N,,4.0,0.0,25.0,3.75,7.25,73.22083333333333,350.0,15.333333333333334,12,-1.0303442028985599,1.0,100.0
C005,오성민,46,여,서울,프리미엄,2023-04-12,N,,1.0,100.0,0.0,3.0,4.0,58.219166666666666,309.0,17.583333333333332,12,-3.6342683680926426,1.0,0.0
C006,한나연,70,남,서울,스탠다드,2022-03-08,N,,2.0,0.0,0.0,3.0,6.0,17.403333333333332,216.16666666666666,10.833333333333334,12,20.854483925549918,2.0,50.0
C007,신지은,33,남,부산,프리미엄,2024-06-11,N,,2.0,0.0,0.0,3.5,4.5,66.51916666666666,324.1666666666667,17.083333333333332,12,14.048589509814455,4.0,25.0
C008,안시우,69,여,인천,스탠다드,2022-08-29,N,,3.0,33.33333333333333,33.33333333333333,3.6666666666666665,5.666666666666667,18.025833333333335,193.58333333333334,11.416666666666666,12,-11.445258019525797,4.0,25.0
C009,윤지은,49,여,서울,스탠다드,2022-05-04,N,,2.0,0.0,0.0,4.5,6.0,18.134166666666665,195.33333333333334,10.833333333333334,12,-4.746523104531185,4.0,50.0
C010,정도윤,44,여,서울,프리미엄,2022-12-30,N,,4.0,0.0,0.0,3.75,6.5,58.335,326.9166666666667,13.5,12,-16.671904462602143,4.0,75.0
C011,강혜진,64,남,서울,베이직,2022-11-07,Y,2024-08-14,8.0,62.5,12.5,3.25,4.75,6.694285714285714,142.0,7.428571428571429,7,22.776349614395887,7.0,71.42857142857143
C012,김승우,29,여,부산,스탠다드,2019-06-16,N,,4.0,25.0,0.0,4.0,5.25,15.645833333333334,177.66666666666666,10.833333333333334,12,-19.210399614829086,3.0,0.0
C013,임지은,64,여,인천,스탠다드,2023-12-07,N,,3.0,33.33333333333333,33.33333333333333,2.6666666666666665,6.0,18.093333333333334,184.83333333333334,12.833333333333334,12,20.942301821512157,4.0,100.0
C014,신준혁,24,여,서울,베이직,2022-09-16,N,,1.0,0.0,0.0,3.0,6.0,6.141666666666667,137.33333333333334,8.166666666666666,12,-5.694700764566312,1.0,100.0
C015,안수아,51,남,대구,프리미엄,2019-12-27,N,,3.0,66.66666666666666,0.0,4.0,6.333333333333333,54.067499999999995,286.9166666666667,12.416666666666666,12,-4.150567495773976,1.0,0.0
C016,윤시우,42,남,경기,프리미엄,2022-01-19,N,,4.0,50.0,25.0,3.25,6.0,61.2575,244.5,17.75,12,-8.33572341146715,1.0,0.0
C017,박수아,34,남,경기,프리미엄,2020-03-06,N,,3.0,0.0,33.33333333333333,4.0,6.333333333333333,53.04833333333334,275.5,12.5,12,9.11241048551341,3.0,33.33333333333333
C018,전지현,25,남,서울,스탠다드,2023-02-07,N,,2.0,0.0,50.0,3.5,4.5,14.37,228.41666666666666,9.833333333333334,12,-31.40398904966758,3.0,0.0
C019,박태양,59,남,부산,스탠다드,2023-07-22,N,,3.0,33.33333333333333,0.0,4.0,7.0,16.575,203.16666666666666,10.416666666666666,12,0.6658595641646454,3.0,66.66666666666666
C020,김다은,26,남,경기,스탠다드,2019-09-09,N,,1.0,0.0,0.0,4.0,4.0,13.008333333333333,194.66666666666666,11.916666666666666,12,30.81472719207452,3.0,33.33333333333333
C021,강서연,26,남,경기,스탠다드,2021-08-02,N,,1.0,0.0,0.0,3.0,4.0,14.315,179.75,9.75,12,4.3783462224866145,4.0,75.0
C022,한도윤,66,여,인천,프리미엄,2023-07-09,N,,3.0,33.33333333333333,0.0,3.3333333333333335,7.666666666666667,54.13916666666666,299.5833333333333,16.916666666666668,12,5.422753430721547,1.0,100.0
C023,서재원,48,여,경기,베이직,2020-03-05,Y,2024-10-10,4.0,25.0,25.0,2.25,3.0,3.9433333333333334,131.66666666666666,4.444444444444445,9,-31.543116490166412,5.0,80.0
C024,조경수,31,여,경기,베이직,2020-11-17,N,,3.0,0.0,0.0,3.6666666666666665,4.0,5.405833333333334,157.16666666666666,6.666666666666667,12,-15.18518518518519,2.0,50.0
C025,윤경수,52,여,인천,베이직,2022-05-31,N,,2.0,100.0,0.0,3.0,6.0,5.802499999999999,162.66666666666666,6.0,12,12.480927677754043,4.0,50.0
C026,황소율,23,여,서울,스탠다드,2022-02-06,N,,3.0,0.0,0.0,4.333333333333333,6.0,16.629166666666666,168.75,10.0,12,-11.8517820101829,3.0,66.66666666666666
C027,장혜진,66,남,서울,프리미엄,2023-08-20,N,,3.0,33.33333333333333,33.33333333333333,2.6666666666666665,7.333333333333333,58.0375,273.25,15.5,12,-0.6839906130158672,2.0,100.0
C028,신지훈,28,남,서울,스탠다드,2024-04-23,N,,2.0,0.0,50.0,3.5,6.0,19.4775,266.0833333333333,10.583333333333334,12,-2.141708287479896,2.0,50.0
C029,황하은,43,여,기타,프리미엄,2022-06-10,N,,1.0,0.0,0.0,5.0,6.0,51.472500000000004,291.1666666666667,15.25,12,-9.63725459980893,1.0,100.0
C030,이경수,27,남,경기,스탠다드,2020-01-05,N,,4.0,50.0,25.0,3.75,6.0,15.2575,201.66666666666666,10.666666666666666,12,25.61922365988908,3.0,33.33333333333333
C031,최서연,62,여,대구,프리미엄,2023-12-28,N,,3.0,33.33333333333333,0.0,4.333333333333333,7.333333333333333,62.10583333333333,288.1666666666667,14.25,12,-16.14160601948933,4.0,100.0
C032,윤수아,40,남,서울,스탠다드,2021-06-02,Y,2024-12-01,3.0,0.0,0.0,2.3333333333333335,5.0,12.808181818181817,189.0,8.090909090909092,11,6.450575944280742,4.0,75.0
C033,장지아,55,남,부산,프리미엄,2021-11-19,N,,4.0,25.0,25.0,2.75,7.0,44.73,293.4166666666667,12.333333333333334,12,9.794801641586858,1.0,0.0
C034,서소율,56,여,경기,프리미엄,2023-08-27,N,,2.0,0.0,0.0,5.0,8.5,57.74333333333334,292.8333333333333,16.916666666666668,12,-10.200503999123473,1.0,100.0
C035,윤소율,68,여,대구,베이직,2020-12-31,N,,1.0,0.0,100.0,3.0,6.0,4.9325,127.5,6.916666666666667,12,10.341151385927493,2.0,100.0
C036,최주원,45,여,서울,스탠다드,2020-05-02,N,,2.0,0.0,0.0,3.5,4.0,13.680833333333334,196.08333333333334,6.833333333333333,12,10.771600975735012,1.0,0.0
C037,오지은,46,여,경기,베이직,2022-10-15,N,,1.0,0.0,0.0,4.0,6.0,6.4175,166.5,6.75,12,-6.847253574115878,4.0,100.0
C038,조건우,61,남,서울,프리미엄,2020-03-05,N,,2.0,0.0,0.0,3.0,5.0,57.12916666666666,255.66666666666666,12.0,12,-9.431811864124091,2.0,50.0
C039,안태양,61,여,서울,스탠다드,2024-04-12,N,,3.0,33.33333333333333,33.33333333333333,3.3333333333333335,5.666666666666667,18.959166666666665,211.0,11.5,12,-11.022510175263722,1.0,100.0
C040,박현우,34,여,인천,베이직,2022-08-19,N,,1.0,100.0,0.0,3.0,9.0,6.019166666666667,145.66666666666666,9.0,12,-7.591901971230695,1.0,100.0
C041,임하은,50,여,기타,스탠다드,2021-02-07,N,,1.0,0.0,0.0,5.0,4.0,15.078333333333333,176.16666666666666,7.0,12,9.736872609250044,3.0,100.0
C042,정수아,47,여,서울,프리미엄,2024-05-13,N,,2.0,0.0,0.0,2.5,7.5,66.8775,363.75,19.5,12,-15.47216665517003,1.0,100.0
C043,류도윤,22,여,인천,스탠다드,2024-04-12,N,,4.0,25.0,0.0,3.0,6.5,19.5625,194.0,10.416666666666666,12,2.2312198483804178,1.0,100.0
C044,신하은,32,여,대구,베이직,2019-09-12,Y,2024-09-07,0.0,,,,,4.895,131.0,7.375,8,-41.82926829268291,0.0,
C045,정유진,44,남,서울,스탠다드,2019-12-03,N,,3.0,0.0,0.0,3.0,6.333333333333333,15.4125,194.75,11.583333333333334,12,-10.71538225360762,4.0,25.0
C046,정재현,64,여,인천,프리미엄,2020-11-24,N,,4.0,0.0,0.0,3.0,3.75,49.949999999999996,260.4166666666667,15.333333333333334,12,19.014907921660328,4.0,100.0
C047,한소율,68,남,서울,베이직,2019-10-13,N,,2.0,0.0,50.0,2.0,5.5,6.748333333333334,140.33333333333334,7.083333333333333,12,12.100576217915131,1.0,0.0
C048,강현우,36,남,대구,스탠다드,2022-12-10,N,,4.0,25.0,0.0,3.75,5.75,16.1875,210.25,10.583333333333334,12,-18.27111984282908,3.0,33.33333333333333
C049,송준혁,28,남,인천,베이직,2019-02-21,N,,3.0,33.33333333333333,0.0,3.6666666666666665,4.666666666666667,5.2941666666666665,157.66666666666666,6.666666666666667,12,23.933732816355313,2.0,50.0
C050,최지아,53,여,서울,베이직,2022-12-30,N,,1.0,0.0,0.0,3.0,7.0,6.376666666666666,158.83333333333334,6.0,12,-6.474456246838632,3.0,0.0
C051,오채원,50,여,기타,스탠다드,2022-10-26,N,,1.0,100.0,0.0,4.0,8.0,18.264166666666668,238.25,12.25,12,-5.527950310559009,2.0,100.0
C052,강주원,61,여,인천,스탠다드,2021-01-14,N,,4.0,0.0,50.0,4.0,5.0,15.644166666666665,196.41666666666666,8.666666666666666,12,10.129841056637561,4.0,75.0
C053,박현우,67,여,서울,스탠다드,2020-10-30,N,,2.0,50.0,0.0,2.5,5.5,13.8975,221.91666666666666,8.166666666666666,12,-15.906832983773059,4.0,25.0
C054,정유진,27,여,서울,프리미엄,2023-03-11,N,,2.0,0.0,0.0,3.5,6.0,57.81666666666666,316.5833333333333,15.416666666666666,12,6.543419368283159,3.0,33.33333333333333
C055,박혜진,50,여,기타,스탠다드,2022-10-13,N,,3.0,33.33333333333333,33.33333333333333,3.6666666666666665,8.0,16.8025,223.91666666666666,9.583333333333334,12,-22.415007926721856,1.0,100.0
C056,윤혜진,60,여,인천,스탠다드,2021-09-26,N,,1.0,0.0,0.0,4.0,6.0,15.451666666666666,167.0,9.5,12,3.1777339469647226,4.0,50.0
C057,이혜진,33,여,부산,스탠다드,2020-10-04,N,,2.0,0.0,0.0,4.0,3.5,16.089166666666667,186.75,9.0,12,7.847992248896555,3.0,66.66666666666666
C058,이태양,59,여,서울,베이직,2020-12-16,Y,2024-09-19,0.0,,,,,4.5325,151.75,5.25,8,-8.141210374639757,0.0,
C059,한준혁,31,여,부산,스탠다드,2019-11-23,Y,2024-11-01,0.0,,,,,14.056000000000001,177.2,8.2,10,-20.676528170545996,0.0,
C060,장주원,23,여,서울,베이직,2021-01-14,Y,2024-10-01,6.0,16.666666666666664,50.0,2.8333333333333335,5.166666666666667,4.801111111111111,97.22222222222223,4.333333333333333,9,-16.93416311824436,4.0,50.0
C061,신승우,35,남,서울,스탠다드,2020-11-01,Y,2024-12-20,3.0,0.0,0.0,2.3333333333333335,3.0,13.430909090909092,192.0,10.272727272727273,11,-34.97808390732623,7.0,85.71428571428571
C062,전재현,53,여,부산,프리미엄,2020-02-19,N,,2.0,0.0,0.0,4.0,7.0,54.81,282.25,14.083333333333334,12,8.972485225900737,1.0,100.0
C063,최현우,63,여,경기,스탠다드,2021-07-16,N,,3.0,0.0,0.0,4.0,5.0,13.815,188.91666666666666,10.416666666666666,12,30.122154358689624,1.0,100.0
C064,이수빈,64,여,대구,스탠다드,2023-08-01,Y,2024-09-07,4.0,50.0,0.0,4.5,6.25,16.75625,174.25,9.375,8,-55.87027212048605,6.0,66.66666666666666
C065,최나연,60,여,서울,프리미엄,2021-09-18,N,,2.0,50.0,0.0,3.0,5.0,56.095,262.0,10.916666666666666,12,17.436526907422966,2.0,50.0
C066,황수빈,67,여,인천,프리미엄,2021-02-07,N,,2.0,0.0,100.0,4.0,4.0,51.37083333333334,304.0833333333333,17.916666666666668,12,-5.775229213270739,2.0,50.0
C067,장승우,27,남,서울,스탠다드,2024-03-13,N,,2.0,0.0,0.0,3.5,7.5,20.598333333333333,249.33333333333334,10.416666666666666,12,1.0737818270560426,3.0,66.66666666666666
C068,신하은,68,남,서울,프리미엄,2020-07-06,Y,2024-09-24,3.0,33.33333333333333,0.0,4.0,4.666666666666667,47.00375,247.5,11.125,8,-69.6468314396158,5.0,60.0
C069,강지은,35,여,부산,베이직,2023-09-03,N,,1.0,0.0,0.0,4.0,7.0,6.819166666666667,156.25,7.166666666666667,12,6.589245140116126,4.0,25.0
C070,장지현,42,남,경기,스탠다드,2019-08-10,N,,4.0,25.0,25.0,3.0,6.0,14.439166666666667,215.08333333333334,7.5,12,25.90612777053457,2.0,0.0
C071,김민지,56,여,경기,프리미엄,2023-05-22,Y,2024-08-06,0.0,,,,,52.434285714285714,267.42857142857144,17.142857142857142,7,-10.507201001878535,0.0,
C072,오도윤,54,남,경기,프리미엄,2021-01-21,N,,1.0,0.0,0.0,3.0,6.0,55.09,287.9166666666667,12.833333333333334,12,-30.148249017240055,3.0,66.66666666666666
C073,정준혁,41,남,경기,베이직,2019-06-14,N,,4.0,0.0,50.0,3.5,4.25,5.571666666666666,140.33333333333334,5.833333333333333,12,3.036744609778323,3.0,66.66666666666666
C074,박지은,20,남,대구,베이직,2021-08-13,N,,2.0,0.0,0.0,3.5,6.0,4.691666666666666,130.66666666666666,6.25,12,2.882882882882892,3.0,66.66666666666666
C075,조지은,50,여,기타,스탠다드,2023-04-27,N,,2.0,50.0,0.0,3.5,6.5,17.029999999999998,208.5,11.0,12,26.487864346669603,1.0,0.0
C076,안경수,44,여,대구,프리미엄,2022-07-19,N,,2.0,50.0,0.0,3.5,7.5,60.43,324.9166666666667,14.5,12,8.829373650108002,2.0,50.0
C077,정지은,43,남,서울,베이직,2024-05-22,N,,1.0,100.0,100.0,3.0,6.0,7.281666666666666,175.58333333333334,6.75,12,-2.931889941362215,1.0,0.0
C078,정도윤,46,남,인천,스탠다드,2022-10-26,N,,1.0,0.0,0.0,4.0,5.0,14.035000000000002,228.75,10.75,12,11.662686942314917,4.0,25.0
C079,서건우,56,남,부산,스탠다드,2022-06-12,N,,4.0,25.0,25.0,3.75,5.5,17.780833333333334,226.25,10.166666666666666,12,30.94490745751705,2.0,50.0
C080,최성민,62,여,서울,스탠다드,2022-04-03,N,,3.0,0.0,0.0,2.0,5.0,15.329166666666666,180.91666666666666,9.916666666666666,12,-9.180497925311201,4.0,25.0
C081,안태양,49,남,인천,스탠다드,2023-01-15,N,,4.0,0.0,0.0,3.25,6.75,16.260833333333334,237.25,11.25,12,-6.8019801980198,3.0,0.0
C082,류지아,67,여,기타,스탠다드,2024-03-17,N,,4.0,25.0,0.0,3.5,6.5,18.829166666666666,254.66666666666666,12.5,12,-15.27959450621322,1.0,100.0
C083,전현우,35,남,기타,스탠다드,2024-05-02,N,,2.0,0.0,0.0,3.5,5.5,17.015833333333333,282.0,11.666666666666666,12,1.7289073305670675,3.0,100.0
C084,김현우,49,여,서울,프리미엄,2019-11-30,N,,2.0,0.0,0.0,4.0,8.0,53.42583333333334,243.25,11.833333333333334,12,-8.286235459465912,3.0,66.66666666666666
C085,류도윤,34,남,경기,스탠다드,2021-06-13,N,,2.0,50.0,0.0,3.5,5.5,16.84,189.91666666666666,10.75,12,5.930907979211243,1.0,0.0
C086,권나연,53,남,경기,스탠다드,2020-09-07,N,,3.0,0.0,66.66666666666666,3.0,4.666666666666667,14.4675,183.91666666666666,9.333333333333334,12,9.775253745770913,1.0,0.0
C087,김다은,32,여,기타,스탠다드,2021-06-15,N,,3.0,0.0,0.0,2.6666666666666665,4.333333333333333,14.772499999999999,169.75,8.166666666666666,12,7.527511121517201,2.0,100.0
C088,박태양,50,여,서울,스탠다드,2020-12-01,N,,2.0,0.0,50.0,4.5,5.0,14.1275,210.75,8.0,12,-22.51884422110553,4.0,75.0
C089,정준혁,25,남,경기,스탠다드,2020-03-23,N,,3.0,33.33333333333333,0.0,3.3333333333333335,5.0,13.4,196.83333333333334,9.083333333333334,12,-18.735204599256008,3.0,100.0
C090,강하은,25,여,경기,프리미엄,2023-03-31,N,,3.0,33.33333333333333,0.0,3.0,5.0,57.64416666666667,299.5,14.0,12,5.47452844200209,2.0,50.0
C091,임민지,66,여,인천,스탠다드,2024-06-02,N,,2.0,50.0,0.0,2.5,4.0,17.961666666666666,235.25,10.833333333333334,12,-13.981185811685506,4.0,25.0
C092,윤경수,44,여,서울,프리미엄,2019-03-30,Y,2024-09-11,0.0,,,,,47.5325,204.375,11.75,8,28.02791535344442,0.0,
C093,강혜진,33,남,대구,베이직,2019-10-15,N,,2.0,0.0,100.0,4.0,3.5,5.1066666666666665,134.25,6.333333333333333,12,24.38667154888318,4.0,75.0
C094,박재현,70,남,대구,베이직,2019-02-02,N,,4.0,0.0,25.0,4.25,5.5,5.838333333333334,142.0,5.333333333333333,12,-20.543032786885234,4.0,75.0
C095,송지은,58,여,서울,베이직,2020-09-16,N,,3.0,33.33333333333333,0.0,2.6666666666666665,5.333333333333333,5.764166666666667,124.0,7.5,12,74.92050874403814,1.0,100.0
C096,오주원,69,여,서울,프리미엄,2023-03-04,N,,4.0,25.0,0.0,2.75,6.75,59.22416666666666,268.8333333333333,12.583333333333334,12,-11.127351971935779,3.0,0.0
C097,권나연,40,여,기타,베이직,2021-07-19,Y,2024-09-12,6.0,16.666666666666664,33.33333333333333,2.5,4.0,5.22625,121.375,6.375,8,-40.1893287435456,7.0,71.42857142857143
C098,최수빈,30,남,인천,프리미엄,2021-12-17,N,,4.0,0.0,0.0,3.75,7.25,60.004999999999995,275.3333333333333,14.666666666666666,12,-6.674542232722984,4.0,75.0
C099,서하은,42,남,서울,스탠다드,2019-05-31,N,,3.0,0.0,33.33333333333333,3.6666666666666665,5.0,14.506666666666668,185.41666666666666,8.416666666666666,12,-17.296389588581032,2.0,0.0
C100,김채원,27,남,경기,스탠다드,2021-05-13,N,,3.0,0.0,0.0,3.0,5.333333333333333,16.563333333333333,181.16666666666666,10.916666666666666,12,-12.189360294812438,1.0,100.0
C101,이성민,23,여,서울,스탠다드,2022-06-21,N,,4.0,0.0,0.0,3.25,5.0,15.75,205.83333333333334,10.083333333333334,12,-15.501757126122605,4.0,25.0
C102,조성민,20,남,서울,베이직,2020-06-03,N,,4.0,0.0,0.0,3.75,4.25,5.6674999999999995,170.66666666666666,5.75,12,-3.040834057341455,3.0,33.33333333333333
C103,안수빈,31,여,서울,프리미엄,2021-07-12,N,,3.0,0.0,0.0,4.0,6.0,54.595,294.0,13.333333333333334,12,-1.701071493431807,3.0,0.0
C104,한지아,45,남,서울,스탠다드,2023-08-05,N,,4.0,50.0,25.0,3.5,4.75,16.970833333333335,240.91666666666666,11.333333333333334,12,0.3049080358021001,2.0,100.0
C105,류도윤,68,남,부산,프리미엄,2023-01-04,N,,4.0,0.0,0.0,3.25,7.0,46.51333333333333,303.1666666666667,16.416666666666668,12,-24.489025847430977,3.0,66.66666666666666
C106,류지현,62,여,경기,베이직,2021-02-18,N,,3.0,0.0,33.33333333333333,3.0,7.666666666666667,6.135833333333333,144.41666666666666,5.583333333333333,12,-34.01713255184852,2.0,100.0
C107,서나연,28,남,경기,베이직,2023-11-13,N,,2.0,50.0,0.0,3.5,6.0,6.1575,141.91666666666666,4.916666666666667,12,2.4938339271033114,3.0,66.66666666666666
C108,오다은,25,남,서울,프리미엄,2023-01-28,N,,3.0,33.33333333333333,0.0,4.0,7.333333333333333,54.5525,270.4166666666667,13.5,12,-0.009165062780671713,2.0,50.0
C109,임유진,20,여,경기,스탠다드,2022-06-07,Y,2024-09-10,2.0,0.0,0.0,2.5,1.5,16.2725,187.5,10.375,8,-10.47277079593058,7.0,71.42857142857143
C110,이예은,23,남,경기,스탠다드,2021-10-31,N,,3.0,66.66666666666666,33.33333333333333,3.6666666666666665,2.6666666666666665,16.448333333333334,213.83333333333334,7.166666666666667,12,7.114375655823696,3.0,33.33333333333333
C111,류수빈,52,남,부산,베이직,2019-02-20,Y,2024-12-28,4.0,0.0,0.0,2.5,3.5,5.569090909090909,111.54545454545455,5.545454545454546,11,-22.493283181085438,5.0,40.0
C112,이민지,58,여,부산,프리미엄,2022-05-26,N,,3.0,66.66666666666666,0.0,4.0,5.333333333333333,68.04666666666667,280.75,15.333333333333334,12,-0.9215691054928378,2.0,50.0
C113,이경수,52,남,경기,베이직,2023-02-11,N,,2.0,0.0,0.0,4.5,7.0,6.035,126.33333333333333,6.0,12,2.857142857142856,2.0,50.0
C114,박서연,24,여,기타,베이직,2021-05-23,N,,4.0,25.0,0.0,3.5,4.0,5.435833333333334,128.83333333333334,6.166666666666667,12,25.163962720055228,4.0,0.0
C115,박혜진,26,여,경기,프리미엄,2024-03-02,N,,1.0,0.0,100.0,4.0,7.0,73.82083333333334,323.1666666666667,16.416666666666668,12,-8.477287959699925,3.0,33.33333333333333
C116,이승우,50,여,기타,베이직,2021-02-24,N,,1.0,0.0,0.0,5.0,6.0,5.6499999999999995,136.25,5.916666666666667,12,-15.05728314238951,3.0,66.66666666666666
C117,조경수,44,남,경기,프리미엄,2022-03-05,N,,2.0,50.0,50.0,3.5,5.5,65.47083333333333,258.75,15.416666666666666,12,-12.864730962532454,1.0,100.0
C118,조서연,38,여,경기,베이직,2021-06-29,N,,3.0,33.33333333333333,33.33333333333333,2.6666666666666665,6.0,5.693333333333334,124.5,5.5,12,-3.11239193083576,3.0,0.0
C119,김승우,56,여,대구,베이직,2019-01-28,N,,1.0,0.0,0.0,3.0,7.0,5.988333333333333,142.91666666666666,5.333333333333333,12,-16.73042591175721,4.0,25.0
C120,한수빈,28,여,서울,베이직,2020-09-04,N,,4.0,25.0,25.0,2.75,4.25,5.864999999999999,129.41666666666666,7.0,12,-22.182920667003543,3.0,66.66666666666666
C121,안준혁,59,여,서울,프리미엄,2021-07-02,N,,1.0,0.0,0.0,2.0,3.0,53.4925,264.0,13.0,12,5.286385877386554,2.0,50.0
C122,윤예은,67,남,부산,베이직,2021-03-22,N,,2.0,0.0,50.0,3.5,6.5,5.916666666666667,144.75,5.416666666666667,12,8.63943579194827,1.0,0.0
C123,이혜진,20,여,서울,베이직,2022-05-13,N,,3.0,0.0,0.0,3.0,5.0,6.5275,130.41666666666666,5.583333333333333,12,-1.4951849974658058,2.0,0.0
C124,신도윤,23,여,서울,베이직,2022-03-04,N,,4.0,0.0,25.0,4.25,7.0,6.449166666666667,144.75,6.416666666666667,12,-22.051046217521282,4.0,0.0
C125,오재원,26,여,기타,베이직,2020-01-18,N,,4.0,25.0,0.0,3.25,5.25,5.915833333333334,122.08333333333333,5.5,12,-32.17494089834514,1.0,0.0
C126,서시우,24,여,기타,스탠다드,2024-06-15,N,,3.0,33.33333333333333,0.0,3.0,5.333333333333333,19.0225,269.1666666666667,10.333333333333334,12,2.134065350216933,3.0,0.0
C127,임주원,70,남,기타,스탠다드,2021-08-19,Y,2024-09-28,5.0,0.0,0.0,3.0,4.8,16.4325,204.75,7.0,8,-47.08724832214765,6.0,66.66666666666666
C128,신예은,25,여,부산,스탠다드,2021-04-11,Y,2024-07-10,5.0,20.0,20.0,2.0,3.2,15.946666666666665,183.5,6.666666666666667,6,,5.0,80.0
C129,권경수,59,여,경기,베이직,2019-05-14,Y,2024-07-09,5.0,0.0,0.0,3.2,3.4,4.755,114.5,6.0,6,,3.0,100.0
C130,오동현,62,여,경기,스탠다드,2020-05-07,Y,2024-07-01,3.0,33.33333333333333,0.0,2.0,2.0,14.021666666666667,174.16666666666666,8.166666666666666,6,,5.0,40.0
C131,박유진,24,남,부산,베이직,2019-04-18,Y,2024-09-10,7.0,28.57142857142857,14.285714285714285,3.0,2.5714285714285716,4.33375,101.5,5.875,8,-55.024875621890544,3.0,100.0
C132,장민준,67,여,경기,프리미엄,2022-09-09,N,,1.0,0.0,0.0,4.0,6.0,60.770833333333336,289.75,14.916666666666666,12,-2.8041426678564645,3.0,33.33333333333333
C133,신예은,40,여,서울,프리미엄,2022-10-25,N,,4.0,25.0,0.0,3.25,6.0,58.26916666666667,298.0833333333333,17.416666666666668,12,-7.903846153846144,3.0,0.0
C134,권지훈,70,남,경기,베이직,2019-02-17,Y,2024-12-20,4.0,0.0,25.0,2.75,4.25,5.082727272727272,115.45454545454545,6.0,11,-22.902467685076363,3.0,100.0
C135,강승우,31,남,서울,베이직,2024-01-02,N,,2.0,50.0,0.0,2.5,4.0,7.9675,153.5,7.0,12,21.063583815028906,2.0,50.0
C136,서민준,66,남,경기,베이직,2019-04-28,N,,3.0,0.0,0.0,3.6666666666666665,6.333333333333333,5.4816666666666665,132.91666666666666,5.083333333333333,12,-26.666666666666668,3.0,0.0
C137,신도윤,43,남,경기,스탠다드,2024-03-11,N,,4.0,25.0,50.0,3.0,7.25,18.349999999999998,265.25,12.5,12,8.542475613220953,4.0,25.0
C138,정다은,39,여,기타,스탠다드,2022-12-29,N,,3.0,0.0,0.0,4.333333333333333,5.333333333333333,17.355,202.66666666666666,9.166666666666666,12,0.4234433644500095,2.0,0.0
C139,신다은,64,여,서울,베이직,2021-12-21,N,,3.0,33.33333333333333,0.0,4.333333333333333,8.0,5.274166666666667,125.5,6.75,12,-0.4099653106275759,2.0,100.0
C140,임현우,45,남,서울,스탠다드,2019-03-30,N,,4.0,25.0,0.0,3.5,4.25,14.512500000000001,214.16666666666666,8.666666666666666,12,-4.1718205330034905,3.0,0.0
C141,류승우,59,여,서울,프리미엄,2019-08-22,N,,1.0,100.0,100.0,3.0,5.0,59.60166666666667,267.6666666666667,12.166666666666666,12,-2.2779421115196445,4.0,25.0
C142,최지은,48,남,서울,프리미엄,2022-01-26,N,,2.0,50.0,0.0,2.5,5.0,58.37166666666667,295.9166666666667,14.5,12,-8.292736329301007,3.0,0.0
C143,한재현,48,여,서울,스탠다드,2023-08-14,N,,2.0,50.0,50.0,3.5,4.5,18.335,214.83333333333334,10.833333333333334,12,-3.5535714285714315,2.0,50.0
C144,전주원,44,여,부산,스탠다드,2023-09-06,N,,1.0,0.0,0.0,4.0,5.0,18.004166666666666,205.75,12.5,12,24.002073613271133,4.0,75.0
C145,신준혁,64,여,서울,베이직,2020-11-20,N,,2.0,50.0,50.0,4.0,7.5,4.506666666666667,144.0,5.666666666666667,12,-5.187319884726211,1.0,0.0
C146,조태양,67,남,부산,프리미엄,2020-04-17,N,,3.0,33.33333333333333,0.0,3.0,4.666666666666667,48.44,265.8333333333333,12.166666666666666,12,23.457502018221664,2.0,50.0
C147,오태양,60,남,경기,프리미엄,2020-12-19,N,,2.0,50.0,0.0,3.0,4.0,54.833333333333336,291.4166666666667,12.75,12,-10.962997012181118,1.0,0.0
C148,신시우,41,남,경기,스탠다드,2022-11-26,N,,3.0,33.33333333333333,0.0,4.0,6.333333333333333,16.25583333333333,202.66666666666666,10.75,12,18.590318242940363,4.0,75.0
C149,김태양,70,남,기타,베이직,2021-01-15,N,,4.0,25.0,50.0,3.75,5.5,5.8999999999999995,136.33333333333334,5.166666666666667,12,-33.646616541353396,3.0,66.66666666666666
C150,임서연,57,여,대구,베이직,2020-07-27,Y,2024-09-20,0.0,,,,,5.6075,157.25,5.75,8,-24.916387959866224,0.0,
C151,오성민,33,남,대구,스탠다드,2022-04-21,Y,2024-12-03,5.0,20.0,20.0,3.8,5.6,17.597272727272728,190.36363636363637,9.090909090909092,11,-12.399678255429428,3.0,66.66666666666666
C152,최지훈,26,여,인천,스탠다드,2023-08-11,N,,4.0,0.0,0.0,3.0,7.5,16.538333333333334,221.58333333333334,10.75,12,-23.166711218034415,2.0,0.0
C153,최승우,43,여,서울,프리미엄,2022-05-07,N,,4.0,0.0,0.0,3.5,7.0,67.395,312.0,14.833333333333334,12,6.865328047064858,4.0,100.0
C154,정현우,59,남,경기,프리미엄,2022-11-22,N,,3.0,33.33333333333333,0.0,3.6666666666666665,8.0,64.48666666666666,294.1666666666667,13.333333333333334,12,4.568044834514121,4.0,0.0
C155,김준혁,28,남,서울,스탠다드,2021-12-22,N,,3.0,0.0,0.0,2.6666666666666665,5.333333333333333,15.111666666666666,197.91666666666666,8.0,12,11.056797020484176,3.0,33.33333333333333
C156,임동현,23,남,서울,베이직,2023-12-23,N,,1.0,0.0,0.0,4.0,7.0,6.016666666666667,168.33333333333334,7.5,12,-33.94664213431464,4.0,100.0
C157,한동현,66,여,인천,스탠다드,2019-06-17,N,,4.0,50.0,0.0,3.5,4.5,15.4375,202.83333333333334,7.666666666666667,12,1.358695652173905,3.0,66.66666666666666
C158,이채원,25,남,서울,스탠다드,2021-09-03,N,,3.0,0.0,33.33333333333333,3.0,5.666666666666667,13.186666666666667,188.33333333333334,9.333333333333334,12,-4.714303344440331,1.0,0.0
C159,최수빈,43,남,서울,베이직,2019-05-17,Y,2024-09-09,5.0,60.0,20.0,2.4,3.6,4.87625,139.25,3.625,8,-73.0092204526404,5.0,40.0
C160,서다은,64,여,서울,베이직,2023-11-15,N,,4.0,75.0,50.0,2.75,5.75,7.110833333333333,149.0,6.333333333333333,12,-0.3976608187134501,4.0,25.0
C161,박성민,38,남,경기,스탠다드,2023-03-17,N,,3.0,0.0,0.0,2.6666666666666665,4.666666666666667,16.600833333333334,204.58333333333334,11.0,12,15.501947209000425,3.0,33.33333333333333
C162,임혜진,29,남,기타,베이직,2023-10-16,N,,1.0,100.0,100.0,4.0,8.0,5.545833333333333,144.66666666666666,8.416666666666666,12,-2.4049881235154196,3.0,33.33333333333333
C163,서준혁,56,여,경기,스탠다드,2019-03-19,N,,3.0,0.0,0.0,3.3333333333333335,5.666666666666667,14.955833333333333,188.33333333333334,11.166666666666666,12,14.882662835249032,2.0,50.0
C164,안하은,39,남,인천,프리미엄,2021-10-15,N,,2.0,50.0,0.0,3.0,2.5,54.425000000000004,253.58333333333334,12.166666666666666,12,46.35986420218785,4.0,50.0
C165,정지아,59,여,경기,스탠다드,2023-05-27,N,,1.0,100.0,0.0,4.0,5.0,16.729166666666668,202.58333333333334,9.666666666666666,12,-10.827365246890318,2.0,0.0
C166,최시우,36,남,서울,베이직,2023-05-19,N,,2.0,50.0,0.0,2.5,6.5,7.019166666666667,158.58333333333334,7.166666666666667,12,11.26160020065213,4.0,50.0
C167,오소율,45,남,서울,베이직,2021-03-11,N,,1.0,0.0,0.0,3.0,6.0,5.363333333333333,130.5,5.0,12,15.973154362416139,3.0,33.33333333333333
C168,장나연,50,남,부산,베이직,2023-04-13,N,,2.0,0.0,0.0,4.0,6.0,6.144166666666667,161.16666666666666,6.333333333333333,12,19.499851146174457,3.0,33.33333333333333
C169,조다은,69,여,인천,스탠다드,2023-07-30,N,,3.0,33.33333333333333,33.33333333333333,4.0,7.666666666666667,15.969999999999999,175.5,10.5,12,-22.259321090706734,3.0,100.0
C170,전수아,63,남,기타,베이직,2023-07-24,N,,3.0,0.0,33.33333333333333,3.3333333333333335,6.666666666666667,6.926666666666667,167.66666666666666,5.25,12,-15.124555160142355,2.0,0.0
C171,서하은,64,여,서울,스탠다드,2020-07-21,Y,2024-09-25,5.0,20.0,20.0,2.4,2.8,13.362499999999999,170.875,9.0,8,-24.032825322391556,4.0,25.0
C172,조수빈,35,여,기타,스탠다드,2020-02-16,N,,3.0,0.0,0.0,2.6666666666666665,5.333333333333333,14.651666666666666,183.25,10.0,12,-16.85416666666667,1.0,100.0
C173,송승우,43,여,인천,프리미엄,2019-06-03,N,,2.0,50.0,0.0,3.5,5.0,46.751666666666665,252.58333333333334,15.916666666666666,12,1.4579143924159783,1.0,0.0
C174,류성민,49,남,기타,프리미엄,2022-02-15,N,,3.0,33.33333333333333,33.33333333333333,3.3333333333333335,5.666666666666667,53.637499999999996,310.1666666666667,15.5,12,-0.1893645422655448,4.0,50.0
C175,강수아,27,여,인천,프리미엄,2019-07-31,N,,3.0,0.0,0.0,3.3333333333333335,8.0,54.4925,243.83333333333334,12.583333333333334,12,-5.297007592675308,3.0,66.66666666666666
C176,조지아,38,남,서울,베이직,2023-07-28,N,,1.0,0.0,0.0,4.0,6.0,6.135833333333333,169.5,8.25,12,29.59151855316496,2.0,0.0
C177,조시우,50,남,서울,스탠다드,2021-02-18,N,,2.0,0.0,0.0,4.0,7.0,14.845,171.08333333333334,8.833333333333334,12,29.41403734707018,4.0,25.0
C178,한지은,36,여,서울,프리미엄,2021-10-13,N,,4.0,50.0,0.0,3.0,4.75,56.26166666666666,207.16666666666666,15.75,12,-4.494251875018097,2.0,50.0
C179,임서연,23,여,서울,베이직,2019-12-19,N,,3.0,0.0,0.0,3.0,5.666666666666667,5.572500000000001,136.33333333333334,6.333333333333333,12,40.53956834532373,4.0,75.0
C180,김민준,65,남,경기,프리미엄,2022-05-12,N,,1.0,0.0,100.0,4.0,8.0,62.48666666666667,344.6666666666667,16.583333333333332,12,6.584566217593742,1.0,0.0
C181,류재원,38,남,경기,스탠다드,2024-04-09,N,,4.0,25.0,0.0,3.75,6.75,19.409166666666668,218.08333333333334,11.666666666666666,12,-8.99622765294407,2.0,50.0
C182,오민지,43,남,경기,스탠다드,2024-05-08,N,,1.0,0.0,100.0,3.0,8.0,18.13,260.5,11.583333333333334,12,-27.77074097530082,1.0,0.0
C183,최지아,57,여,서울,스탠다드,2022-01-28,N,,4.0,0.0,0.0,3.5,5.0,17.2725,217.33333333333334,8.833333333333334,12,-22.375524895021005,3.0,66.66666666666666
C184,송나연,27,여,서울,스탠다드,2021-09-04,N,,4.0,0.0,25.0,3.75,5.75,15.905000000000001,215.33333333333334,8.0,12,20.800555298472926,2.0,0.0
C185,권건우,61,남,기타,베이직,2019-10-17,N,,2.0,0.0,50.0,4.0,5.5,4.7725,109.5,5.916666666666667,12,-11.48782093482555,3.0,0.0
C186,송민준,67,남,경기,프리미엄,2024-05-29,N,,4.0,0.0,25.0,4.0,5.75,65.71,340.0,17.75,12,-5.76411469110259,4.0,75.0
C187,정주원,21,남,경기,스탠다드,2023-10-29,N,,2.0,0.0,0.0,3.5,5.5,15.166666666666666,221.58333333333334,9.583333333333334,12,3.329236956764628,4.0,75.0
C188,황하은,29,남,경기,베이직,2019-11-02,N,,4.0,25.0,50.0,3.25,6.0,5.12,165.16666666666666,6.75,12,4.323245759893566,3.0,33.33333333333333
C189,김재현,50,여,서울,프리미엄,2019-06-11,N,,2.0,0.0,50.0,3.0,4.5,53.29750000000001,255.33333333333334,14.75,12,33.64141155841308,1.0,0.0
C190,서재원,54,여,서울,스탠다드,2020-12-20,N,,2.0,0.0,50.0,4.5,3.5,14.508333333333333,200.58333333333334,9.25,12,-17.677243690438786,3.0,66.66666666666666
C191,서재원,26,여,경기,스탠다드,2022-07-26,N,,4.0,50.0,50.0,2.5,4.0,15.957500000000001,217.83333333333334,10.083333333333334,12,0.07313760317626193,4.0,50.0
C192,송서연,48,남,서울,프리미엄,2023-01-15,N,,4.0,25.0,25.0,3.25,6.75,59.74333333333333,310.9166666666667,15.5,12,14.768880500883741,2.0,100.0
C193,최소율,32,남,경기,베이직,2020-07-09,N,,2.0,0.0,50.0,3.0,5.5,5.414166666666667,142.25,5.333333333333333,12,29.738330975954714,1.0,0.0
C194,정채원,64,여,서울,스탠다드,2022-12-18,Y,2024-12-17,0.0,,,,,16.13,179.72727272727272,8.363636363636363,11,-13.425827107790827,0.0,
C195,최동현,46,남,경기,베이직,2021-03-21,N,,3.0,66.66666666666666,33.33333333333333,3.3333333333333335,5.666666666666667,5.6433333333333335,136.16666666666666,7.083333333333333,12,19.087673891944373,1.0,100.0
C196,신준혁,30,남,기타,스탠다드,2022-08-27,N,,4.0,50.0,25.0,3.0,5.0,17.68,215.75,11.666666666666666,12,-7.59952843021675,1.0,0.0
C197,권채원,59,남,대구,프리미엄,2019-09-01,N,,2.0,50.0,50.0,3.0,6.5,42.145833333333336,262.75,14.083333333333334,12,-0.5009664313044835,3.0,33.33333333333333
C198,류서연,66,여,서울,스탠다드,2020-01-02,N,,2.0,0.0,0.0,3.5,4.5,15.111666666666666,155.5,8.666666666666666,12,-21.410281662399054,3.0,33.33333333333333
C199,최지아,70,여,서울,프리미엄,2020-03-09,N,,2.0,50.0,50.0,4.5,7.0,55.093333333333334,256.0,13.166666666666666,12,8.292375551354752,4.0,25.0
C200,황건우,63,남,부산,베이직,2020-10-28,Y,2024-12-14,0.0,,,,,6.596363636363637,127.0909090909091,6.0,11,-6.901615271659321,0.0,
C201,권민지,44,남,부산,베이직,2020-04-23,N,,4.0,0.0,0.0,3.25,6.0,5.6625000000000005,146.0,7.25,12,-16.895715440582055,1.0,100.0
C202,신지현,57,남,서울,베이직,2021-01-11,N,,2.0,0.0,0.0,4.0,5.0,5.6866666666666665,126.5,5.833333333333333,12,-2.6034133641885933,2.0,50.0
C203,한채원,33,남,인천,베이직,2022-04-07,N,,2.0,50.0,0.0,3.5,6.5,6.3125,163.66666666666666,5.833333333333333,12,11.061577040958491,1.0,100.0
C204,박지은,68,여,기타,스탠다드,2021-07-23,N,,4.0,0.0,0.0,3.0,5.0,15.421666666666667,188.25,8.833333333333334,12,-0.6892837910608438,4.0,50.0
C205,이채원,49,남,인천,프리미엄,2020-01-26,N,,1.0,0.0,0.0,3.0,6.0,47.59166666666667,296.25,10.5,12,8.035844382922926,2.0,50.0
C206,강다은,24,남,인천,프리미엄,2019-03-30,N,,1.0,0.0,0.0,5.0,4.0,54.843333333333334,223.91666666666666,15.5,12,24.231686541737663,1.0,100.0
C207,강건우,37,남,인천,스탠다드,2021-06-01,Y,2024-10-19,5.0,40.0,40.0,3.0,5.0,14.454444444444444,159.66666666666666,7.444444444444445,9,-7.268226822682265,4.0,100.0
C208,전시우,38,남,경기,프리미엄,2022-06-15,N,,1.0,0.0,0.0,3.0,8.0,67.45916666666666,272.8333333333333,13.666666666666666,12,-7.8223298435534145,1.0,100.0
C209,임민지,27,여,서울,스탠다드,2019-11-02,N,,4.0,25.0,0.0,3.75,3.75,14.629166666666668,182.16666666666666,8.5,12,-16.963820248149304,1.0,0.0
C210,황현우,50,여,경기,베이직,2023-03-06,N,,2.0,50.0,50.0,4.0,7.0,6.171666666666667,166.08333333333334,5.416666666666667,12,27.94706063404125,3.0,66.66666666666666
C211,최태양,58,남,서울,프리미엄,2023-05-06,N,,2.0,0.0,0.0,3.5,7.0,58.288333333333334,315.0,16.333333333333332,12,7.986916443651489,3.0,33.33333333333333
C212,강유진,38,여,경기,베이직,2023-01-22,N,,4.0,50.0,0.0,3.25,5.25,5.706666666666667,148.16666666666666,5.416666666666667,12,9.611264156718704,2.0,50.0
C213,이수빈,27,여,인천,스탠다드,2024-05-08,N,,1.0,100.0,0.0,3.0,8.0,19.2575,231.66666666666666,13.416666666666666,12,-13.937198067632842,2.0,100.0
C214,오승우,29,남,서울,베이직,2021-09-07,N,,1.0,0.0,0.0,3.0,4.0,5.825833333333333,121.75,6.583333333333333,12,46.77020825979527,4.0,50.0
C215,정지현,20,여,경기,스탠다드,2021-03-19,N,,2.0,100.0,0.0,4.0,8.0,12.853333333333333,168.83333333333334,10.0,12,-7.272272897663368,1.0,0.0
C216,류예은,33,남,대구,프리미엄,2019-03-04,N,,2.0,0.0,0.0,3.5,4.0,50.425000000000004,287.4166666666667,13.833333333333334,12,-9.182933366970449,4.0,0.0
C217,최하은,55,남,경기,스탠다드,2023-02-18,N,,3.0,66.66666666666666,33.33333333333333,3.6666666666666665,6.0,16.68,206.91666666666666,10.916666666666666,12,9.088060169225955,4.0,50.0
C218,박주원,51,여,인천,스탠다드,2019-02-02,N,,4.0,0.0,0.0,3.75,7.25,14.741666666666667,171.5,10.75,12,4.178208679593711,1.0,0.0
C219,정동현,40,남,대구,스탠다드,2021-04-15,N,,3.0,33.33333333333333,0.0,3.0,4.333333333333333,13.964166666666666,193.83333333333334,10.583333333333334,12,-19.175569224128626,1.0,100.0
C220,오유진,69,남,서울,스탠다드,2021-12-24,N,,4.0,50.0,25.0,2.75,5.25,16.0675,182.66666666666666,8.416666666666666,12,24.93000466635557,1.0,0.0
C221,권준혁,22,남,경기,베이직,2022-07-07,N,,3.0,0.0,33.33333333333333,3.6666666666666665,6.666666666666667,6.0325,172.5,6.916666666666667,12,-22.660460558549733,3.0,33.33333333333333
C222,송성민,70,여,경기,스탠다드,2022-01-09,Y,2024-07-16,8.0,37.5,12.5,2.125,3.75,16.57166666666667,177.5,11.833333333333334,6,,6.0,33.33333333333333
C223,장서연,65,여,기타,스탠다드,2019-10-02,N,,4.0,25.0,25.0,4.0,5.25,14.934166666666668,154.66666666666666,7.0,12,15.863647313900268,4.0,75.0
C224,황승우,68,여,경기,스탠다드,2020-12-25,Y,2024-11-13,5.0,0.0,0.0,3.2,4.8,14.754,149.8,7.7,10,-31.141218354430382,4.0,100.0
C225,송수아,23,남,서울,스탠다드,2020-05-07,Y,2024-12-07,6.0,83.33333333333334,33.33333333333333,4.0,6.166666666666667,13.751818181818182,174.54545454545453,9.545454545454545,11,-7.343017806935342,6.0,83.33333333333334
C226,박민준,56,여,경기,스탠다드,2020-05-31,N,,2.0,0.0,50.0,3.5,6.0,16.339166666666667,192.16666666666666,8.166666666666666,12,-21.948783145659284,4.0,25.0
C227,윤지훈,69,여,경기,스탠다드,2023-08-02,N,,1.0,0.0,0.0,4.0,6.0,17.414166666666667,228.5,11.666666666666666,12,-5.934249628528981,3.0,66.66666666666666
C228,신건우,63,여,부산,베이직,2020-06-10,Y,2024-10-27,5.0,40.0,40.0,3.4,3.8,4.887777777777778,114.44444444444444,4.555555555555555,9,-4.368279569892476,4.0,100.0
C229,한건우,52,남,서울,스탠다드,2022-05-04,Y,2024-11-28,5.0,20.0,40.0,2.8,4.4,15.653,218.8,10.0,10,-24.84177215189873,2.0,50.0
C230,류유진,37,남,기타,베이직,2020-04-29,Y,2024-10-26,0.0,,,,,5.377777777777777,131.22222222222223,5.0,9,-40.96869146374097,0.0,
C231,최경수,54,여,서울,베이직,2022-11-25,N,,2.0,50.0,50.0,1.5,3.5,7.145833333333333,163.25,7.25,12,42.1632307257837,2.0,50.0
C232,최준혁,24,여,기타,스탠다드,2021-02-16,Y,2024-10-22,2.0,0.0,0.0,2.5,6.0,13.787777777777778,133.66666666666666,11.333333333333334,9,-17.367042478077664,4.0,75.0
C233,한건우,58,여,경기,스탠다드,2019-01-22,N,,4.0,0.0,0.0,4.0,6.5,15.468333333333334,178.33333333333334,7.333333333333333,12,-13.82146439317954,4.0,25.0
C234,정하은,45,남,부산,프리미엄,2023-10-23,N,,2.0,50.0,0.0,3.5,6.0,55.48,295.0,14.666666666666666,12,0.8083489171743832,2.0,50.0
C235,윤재원,34,남,부산,베이직,2023-02-08,N,,4.0,25.0,0.0,3.5,6.5,5.7175,155.16666666666666,5.333333333333333,12,-14.165763813651145,4.0,50.0
C236,이주원,62,여,경기,스탠다드,2023-08-03,N,,3.0,0.0,0.0,3.0,6.666666666666667,18.255,167.5,12.166666666666666,12,-12.961065573770497,2.0,50.0
C237,권현우,54,남,서울,프리미엄,2023-10-25,N,,3.0,33.33333333333333,33.33333333333333,3.6666666666666665,3.6666666666666665,59.995000000000005,339.0833333333333,15.25,12,-7.322360497792044,4.0,25.0
C238,임지훈,45,남,서울,베이직,2021-09-06,Y,2024-09-29,0.0,,,,,6.5675,105.375,4.625,8,-31.55680224403927,0.0,
C239,최주원,45,여,기타,베이직,2019-02-09,N,,1.0,100.0,0.0,3.0,1.0,6.779166666666666,155.16666666666666,7.333333333333333,12,-7.09034858904434,4.0,75.0
C240,한주원,27,여,서울,스탠다드,2019-12-28,N,,4.0,0.0,0.0,2.75,4.5,15.759166666666667,174.16666666666666,8.833333333333334,12,6.609854692450548,2.0,50.0
C241,안나연,44,남,경기,프리미엄,2022-05-15,N,,1.0,0.0,0.0,3.0,5.0,55.27,288.0833333333333,15.166666666666666,12,-12.262228260869565,4.0,25.0
C242,정현우,68,남,대구,프리미엄,2020-10-28,N,,3.0,0.0,0.0,3.6666666666666665,3.0,58.23666666666667,258.8333333333333,14.0,12,-18.685623848688486,2.0,100.0
C243,김태양,23,여,서울,프리미엄,2023-05-28,N,,2.0,100.0,0.0,3.5,8.0,60.94333333333333,320.0833333333333,15.75,12,8.157572652491966,2.0,50.0
C244,전예은,45,여,기타,스탠다드,2022-03-26,N,,3.0,0.0,33.33333333333333,4.333333333333333,7.0,16.945,190.5,8.583333333333334,12,7.06720977596741,2.0,0.0
C245,강소율,32,여,경기,스탠다드,2019-11-23,N,,3.0,33.33333333333333,33.33333333333333,3.3333333333333335,5.666666666666667,12.1,219.33333333333334,9.5,12,9.011083921117041,3.0,66.66666666666666
C246,박지은,37,여,인천,스탠다드,2022-01-27,N,,3.0,0.0,0.0,3.6666666666666665,6.333333333333333,14.615,203.5,9.833333333333334,12,-7.16877405167674,4.0,25.0
C247,김태양,26,여,서울,스탠다드,2023-01-17,N,,4.0,25.0,0.0,3.5,5.75,16.671666666666667,187.91666666666666,11.75,12,-4.66705721538762,1.0,0.0
C248,오재현,47,남,서울,베이직,2021-12-02,N,,4.0,50.0,25.0,3.5,6.0,4.776666666666666,115.58333333333333,5.416666666666667,12,-28.022802280228014,1.0,0.0
C249,정혜진,50,여,인천,스탠다드,2019-07-07,N,,3.0,33.33333333333333,0.0,3.0,6.666666666666667,15.63,183.75,9.75,12,4.180274330502943,2.0,50.0
C250,전서연,38,여,경기,베이직,2024-03-30,N,,3.0,33.33333333333333,0.0,3.0,6.333333333333333,8.003333333333334,153.16666666666666,7.583333333333333,12,-3.4383954154727716,4.0,25.0
C251,권다은,42,여,기타,프리미엄,2020-11-04,Y,2024-12-12,6.0,33.33333333333333,16.666666666666664,3.0,5.333333333333333,52.52272727272727,233.8181818181818,14.272727272727273,11,-15.293492382189674,6.0,50.0
C252,윤지은,26,여,서울,프리미엄,2020-06-06,N,,3.0,33.33333333333333,0.0,2.6666666666666665,3.3333333333333335,52.336666666666666,292.75,12.833333333333334,12,-17.885518761236447,4.0,75.0
C253,신현우,32,여,인천,프리미엄,2022-02-26,N,,3.0,33.33333333333333,33.33333333333333,3.0,5.333333333333333,57.11083333333334,284.4166666666667,14.25,12,-22.967038644347987,4.0,25.0
C254,류건우,31,남,인천,베이직,2022-12-20,N,,3.0,33.33333333333333,0.0,3.0,8.0,5.680833333333333,128.25,6.666666666666667,12,-14.906326364376854,1.0,0.0
C255,전성민,49,남,서울,스탠다드,2019-05-28,N,,4.0,25.0,0.0,4.0,6.0,15.526666666666666,180.16666666666666,8.416666666666666,12,-4.655063954707487,3.0,33.33333333333333
C256,윤승우,55,여,인천,스탠다드,2020-07-24,N,,4.0,0.0,0.0,3.0,4.0,16.906666666666666,179.41666666666666,8.5,12,0.9508716323296362,3.0,66.66666666666666
C257,정서연,61,남,서울,베이직,2019-10-23,N,,2.0,50.0,0.0,3.5,5.5,5.349166666666666,126.08333333333333,6.333333333333333,12,-6.481760627072641,1.0,100.0
C258,권채원,33,남,경기,프리미엄,2021-05-09,N,,1.0,0.0,0.0,4.0,6.0,52.61666666666667,253.16666666666666,15.25,12,7.513064054951184,1.0,0.0
C259,이지은,42,남,대구,프리미엄,2020-11-26,N,,3.0,66.66666666666666,33.33333333333333,3.6666666666666665,5.0,57.90166666666667,273.1666666666667,14.166666666666666,12,-9.768651608487335,2.0,100.0
C260,권주원,68,여,서울,스탠다드,2022-12-10,N,,1.0,0.0,0.0,3.0,9.0,14.268333333333333,219.75,9.916666666666666,12,-2.8781947962238044,4.0,50.0
C261,조지은,51,여,서울,프리미엄,2023-12-21,N,,2.0,0.0,50.0,3.5,6.5,54.419999999999995,291.8333333333333,14.666666666666666,12,-16.370947332902173,2.0,0.0
C262,권준혁,68,여,서울,프리미엄,2021-07-18,N,,2.0,50.0,0.0,4.0,5.5,51.1975,271.6666666666667,14.416666666666666,12,29.748326539770392,2.0,50.0
C263,조지훈,69,여,경기,스탠다드,2020-12-14,N,,1.0,0.0,0.0,4.0,7.0,15.059166666666668,202.75,7.333333333333333,12,-6.2298949174351295,2.0,50.0
C264,이주원,36,여,부산,스탠다드,2023-10-07,N,,1.0,0.0,0.0,3.0,8.0,16.911666666666665,222.08333333333334,8.333333333333334,12,-7.475571577649176,2.0,0.0
C265,신재현,40,여,기타,프리미엄,2021-03-13,N,,2.0,0.0,0.0,4.5,7.0,47.7475,262.0833333333333,13.083333333333334,12,-6.055580002030957,1.0,0.0
C266,오민지,57,여,인천,스탠다드,2024-05-31,N,,1.0,0.0,0.0,3.0,6.0,18.00166666666667,246.66666666666666,11.25,12,-3.4931319930865126,1.0,0.0
C267,강준혁,22,남,대구,베이직,2019-01-15,N,,1.0,0.0,0.0,2.0,7.0,6.160833333333334,142.33333333333334,5.666666666666667,12,-20.77575757575758,4.0,25.0
C268,오현우,58,여,대구,프리미엄,2019-08-10,N,,4.0,50.0,0.0,3.75,5.25,57.895,257.8333333333333,17.666666666666668,12,-10.382379431753044,3.0,33.33333333333333
C269,조혜진,40,남,서울,베이직,2020-03-25,N,,4.0,50.0,0.0,3.75,6.5,4.7700000000000005,135.75,5.916666666666667,12,-42.747252747252745,1.0,0.0
C270,황지훈,58,여,부산,프리미엄,2020-01-05,N,,3.0,0.0,0.0,3.6666666666666665,4.0,52.942499999999995,287.5,14.0,12,-18.290764522495206,2.0,50.0
C271,정경수,31,여,서울,스탠다드,2023-01-28,N,,4.0,0.0,50.0,3.75,5.0,17.074166666666667,213.25,9.583333333333334,12,17.805889231423404,2.0,0.0
C272,최도윤,26,여,부산,베이직,2023-10-02,Y,2024-08-22,4.0,0.0,0.0,2.5,4.25,6.118571428571428,115.14285714285714,7.0,7,4.440789473684188,3.0,100.0
C273,전준혁,23,남,서울,베이직,2019-10-06,N,,3.0,66.66666666666666,33.33333333333333,2.6666666666666665,4.666666666666667,5.673333333333333,145.0,5.916666666666667,12,39.46535349982413,3.0,33.33333333333333
C274,이혜진,32,여,서울,스탠다드,2020-02-17,N,,3.0,0.0,33.33333333333333,3.6666666666666665,6.0,14.759166666666667,200.91666666666666,8.666666666666666,12,10.744883388862466,4.0,75.0
C275,조소율,38,여,기타,스탠다드,2024-02-02,N,,4.0,25.0,25.0,3.0,6.25,19.846666666666668,238.66666666666666,12.25,12,-2.3076284552170736,1.0,0.0
C276,신지아,45,남,부산,프리미엄,2021-07-07,Y,2024-11-07,6.0,16.666666666666664,0.0,3.6666666666666665,5.333333333333333,46.842,242.0,12.2,10,-32.74326706038775,6.0,83.33333333333334
C277,최다은,63,여,기타,스탠다드,2023-08-14,N,,4.0,25.0,50.0,3.25,4.75,18.060833333333335,195.0,11.166666666666666,12,7.000955109837637,1.0,100.0
C278,정유진,23,남,서울,스탠다드,2020-01-27,Y,2024-09-29,7.0,14.285714285714285,14.285714285714285,2.7142857142857144,3.2857142857142856,15.0125,180.125,10.875,8,17.787569573283847,4.0,25.0
C279,전하은,40,여,서울,프리미엄,2023-11-13,N,,1.0,0.0,0.0,3.0,6.0,58.8075,282.4166666666667,16.166666666666668,12,11.468041113541705,4.0,75.0
C280,조다은,54,남,경기,베이직,2021-02-04,Y,2024-08-14,6.0,16.666666666666664,16.666666666666664,2.5,4.0,5.838571428571429,118.0,5.571428571428571,7,-17.50626217645421,5.0,80.0
C281,오민지,61,남,기타,프리미엄,2023-07-05,N,,3.0,33.33333333333333,66.66666666666666,3.3333333333333335,5.666666666666667,60.435833333333335,318.3333333333333,17.75,12,-0.9687688676656085,3.0,0.0
C282,김소율,40,여,부산,베이직,2020-07-04,N,,3.0,33.33333333333333,33.33333333333333,3.6666666666666665,6.0,6.56,148.0,5.833333333333333,12,-21.739130434782602,3.0,66.66666666666666
C283,정동현,65,남,대구,프리미엄,2020-12-17,N,,3.0,0.0,33.33333333333333,3.0,4.666666666666667,50.82,272.4166666666667,11.0,12,-15.110356536502556,4.0,0.0
C284,최재현,29,여,인천,스탠다드,2021-06-14,N,,4.0,0.0,0.0,3.75,5.0,15.207500000000001,182.83333333333334,7.666666666666667,12,-13.519313304721031,2.0,50.0
C285,장수아,64,남,서울,프리미엄,2022-10-13,N,,3.0,33.33333333333333,33.33333333333333,2.3333333333333335,6.0,59.587500000000006,307.3333333333333,15.833333333333334,12,-15.509056194850098,4.0,0.0
C286,송재원,29,여,경기,스탠다드,2019-04-04,N,,3.0,33.33333333333333,33.33333333333333,2.3333333333333335,4.666666666666667,15.558333333333332,181.58333333333334,9.333333333333334,12,-0.4915580252190497,3.0,66.66666666666666
C287,오지아,57,남,서울,프리미엄,2022-06-15,N,,1.0,0.0,100.0,3.0,4.0,64.11083333333333,318.3333333333333,15.75,12,21.065486623947614,1.0,0.0
C288,장건우,48,남,기타,스탠다드,2019-12-25,N,,1.0,0.0,0.0,3.0,5.0,14.6825,154.25,9.083333333333334,12,3.4526558891455075,2.0,100.0
C289,송서연,29,남,서울,베이직,2022-12-24,N,,4.0,0.0,50.0,2.75,4.75,7.2725,163.58333333333334,6.25,12,-12.120559741657697,2.0,0.0
C290,신혜진,35,여,부산,스탠다드,2023-05-07,N,,3.0,33.33333333333333,0.0,3.6666666666666665,6.666666666666667,17.203333333333333,215.25,9.083333333333334,12,18.47814583553815,2.0,100.0
C291,윤서연,26,여,경기,프리미엄,2022-04-17,N,,4.0,0.0,25.0,3.0,4.75,66.14333333333333,300.5,15.916666666666666,12,-6.9042695535822745,2.0,50.0
C292,신태양,34,남,서울,프리미엄,2022-09-14,N,,3.0,0.0,0.0,3.3333333333333335,7.333333333333333,60.98916666666667,309.0833333333333,13.333333333333334,12,-1.0411852657333303,2.0,100.0
C293,신태양,46,남,경기,베이직,2024-02-21,N,,2.0,0.0,0.0,4.0,6.5,7.325833333333333,164.41666666666666,8.25,12,-9.800951968844656,4.0,25.0
C294,안지훈,63,남,기타,베이직,2023-05-22,N,,3.0,0.0,33.33333333333333,3.3333333333333335,6.333333333333333,6.735833333333333,148.33333333333334,6.75,12,4.1161616161616,4.0,50.0
C295,신재현,37,여,대구,스탠다드,2021-12-10,Y,2024-09-07,5.0,0.0,0.0,4.2,7.0,13.87,199.75,5.75,8,-22.113747303893756,4.0,50.0
C296,정지현,54,여,부산,스탠다드,2022-06-24,N,,1.0,0.0,0.0,2.0,8.0,14.695833333333333,214.91666666666666,10.833333333333334,12,16.06223964714531,1.0,100.0
C297,안채원,34,남,기타,스탠다드,2023-12-06,N,,2.0,0.0,0.0,3.5,6.0,17.219166666666666,202.75,13.25,12,-4.586722148666523,1.0,100.0
C298,정준혁,26,남,서울,프리미엄,2019-10-03,N,,1.0,0.0,0.0,4.0,7.0,56.0925,280.25,14.416666666666666,12,-0.4713205869275244,4.0,50.0
C299,윤수아,29,남,대구,베이직,2020-08-24,N,,3.0,33.33333333333333,33.33333333333333,3.3333333333333335,4.0,6.8625,142.75,5.5,12,8.112206216830934,3.0,0.0
C300,류지아,46,여,경기,스탠다드,2021-12-01,N,,4.0,0.0,25.0,3.25,5.5,15.355833333333331,204.5,9.333333333333334,12,27.213316892725043,2.0,50.0
C301,오민준,44,여,서울,베이직,2019-04-21,N,,2.0,0.0,0.0,3.5,5.0,5.325,145.5,6.166666666666667,12,-14.621409921671017,2.0,50.0
C302,박성민,54,여,서울,베이직,2021-11-25,N,,4.0,25.0,0.0,3.0,5.25,4.963333333333334,144.66666666666666,7.583333333333333,12,-26.45687645687645,3.0,66.66666666666666
C303,한지훈,66,여,부산,베이직,2021-10-28,N,,3.0,0.0,66.66666666666666,2.0,5.666666666666667,5.1125,133.5,5.833333333333333,12,0.7526178010471335,3.0,66.66666666666666
C304,정성민,65,남,서울,프리미엄,2020-04-22,N,,1.0,100.0,0.0,4.0,6.0,47.19166666666666,235.16666666666666,17.083333333333332,12,6.152165999271941,4.0,50.0
C305,임나연,23,남,서울,프리미엄,2020-02-10,N,,2.0,0.0,0.0,4.0,5.0,49.56916666666667,278.75,15.75,12,-14.885009180593157,1.0,0.0
C306,이민준,61,남,경기,스탠다드,2020-05-06,N,,3.0,33.33333333333333,0.0,4.333333333333333,4.333333333333333,15.153333333333334,172.25,8.666666666666666,12,1.865008880994679,1.0,100.0
C307,윤하은,45,여,경기,스탠다드,2019-04-27,N,,1.0,0.0,0.0,3.0,5.0,15.18,154.58333333333334,8.5,12,9.572020248504371,3.0,100.0
C308,윤유진,51,여,서울,프리미엄,2019-09-18,N,,2.0,100.0,0.0,3.5,2.5,54.4925,247.0,13.5,12,3.7991647447484747,1.0,0.0
C309,박성민,58,남,경기,베이직,2019-10-20,Y,2024-09-26,5.0,20.0,0.0,3.2,3.4,5.9350000000000005,121.25,7.125,8,23.676383105294438,3.0,66.66666666666666
C310,박지현,26,남,대구,스탠다드,2021-04-13,N,,1.0,0.0,0.0,5.0,7.0,14.9,183.91666666666666,7.916666666666667,12,-19.921442239903318,3.0,100.0
C311,한유진,53,남,대구,프리미엄,2023-06-17,N,,3.0,33.33333333333333,33.33333333333333,3.0,6.333333333333333,61.17166666666666,315.0,17.333333333333332,12,-13.94063822776468,4.0,25.0
C312,김수아,68,남,기타,베이직,2020-07-24,Y,2024-11-25,0.0,,,,,5.199,108.0,4.8,10,-0.4479999999999848,0.0,
C313,최시우,53,남,경기,스탠다드,2019-02-08,N,,2.0,0.0,0.0,4.0,6.0,14.308333333333332,174.08333333333334,8.166666666666666,12,-16.42253822303004,4.0,50.0
C314,강소율,55,남,기타,프리미엄,2022-12-13,N,,3.0,0.0,0.0,4.0,8.0,60.48166666666666,277.5,17.916666666666668,12,-1.1016716908742032,3.0,66.66666666666666
C315,한혜진,39,남,인천,스탠다드,2024-05-08,N,,3.0,33.33333333333333,0.0,2.6666666666666665,5.666666666666667,19.88083333333333,249.41666666666666,12.166666666666666,12,17.53442144615666,1.0,0.0
C316,윤다은,57,남,경기,베이직,2019-03-05,N,,3.0,0.0,33.33333333333333,2.0,5.666666666666667,4.586666666666667,136.41666666666666,6.333333333333333,12,-26.59105229993699,2.0,50.0
C317,신승우,46,남,경기,프리미엄,2023-06-12,N,,2.0,0.0,50.0,3.0,5.5,65.61749999999999,283.0,17.5,12,-8.03305865717489,2.0,0.0
C318,김지훈,30,여,서울,스탠다드,2019-06-28,N,,3.0,0.0,0.0,4.333333333333333,5.666666666666667,14.625833333333333,202.83333333333334,8.083333333333334,12,-5.485980272636602,1.0,100.0
C319,오주원,67,남,서울,프리미엄,2020-11-02,N,,1.0,0.0,0.0,4.0,7.0,54.123333333333335,234.0,11.5,12,-5.986378300872273,1.0,100.0
C320,장승우,34,남,대구,베이직,2021-11-27,N,,3.0,0.0,0.0,2.6666666666666665,7.333333333333333,5.951666666666667,135.75,5.666666666666667,12,-28.77007911771757,1.0,0.0
C321,김수아,55,여,경기,베이직,2019-09-22,N,,1.0,0.0,0.0,4.0,4.0,5.6933333333333325,145.33333333333334,5.833333333333333,12,32.61831801157642,4.0,75.0
C322,최준혁,41,여,경기,스탠다드,2023-05-30,N,,3.0,66.66666666666666,33.33333333333333,4.0,6.0,15.378333333333332,229.5,9.416666666666666,12,-7.389625300073059,3.0,66.66666666666666
C323,임소율,63,남,경기,프리미엄,2023-04-01,N,,1.0,0.0,0.0,3.0,7.0,60.800000000000004,310.6666666666667,12.75,12,0.8312918054447047,3.0,33.33333333333333
C324,안주원,29,여,부산,프리미엄,2019-05-28,N,,2.0,0.0,0.0,4.0,7.0,48.72083333333333,242.5,14.25,12,-21.709563308123936,4.0,50.0
C325,이성민,36,남,대구,베이직,2019-09-14,N,,1.0,100.0,0.0,2.0,2.0,5.221666666666667,150.66666666666666,7.666666666666667,12,1.8035426731078978,1.0,0.0
C326,최승우,63,여,서울,베이직,2023-08-31,N,,3.0,66.66666666666666,33.33333333333333,4.0,6.0,7.029166666666666,166.83333333333334,6.0,12,-25.938918695831614,2.0,100.0
C327,한다은,60,남,서울,스탠다드,2019-12-17,N,,2.0,0.0,50.0,3.5,7.0,17.078333333333333,153.66666666666666,11.166666666666666,12,-12.497712717291853,4.0,0.0
C328,안지현,36,남,서울,프리미엄,2020-03-18,N,,1.0,0.0,0.0,4.0,4.0,46.47666666666667,270.8333333333333,14.333333333333334,12,2.615708784421992,4.0,25.0
C329,박승우,30,여,기타,베이직,2023-11-19,N,,3.0,33.33333333333333,33.33333333333333,3.0,3.6666666666666665,6.448333333333333,126.58333333333333,7.0,12,14.467849223946788,2.0,50.0
C330,강지아,67,여,서울,프리미엄,2019-02-19,N,,1.0,0.0,100.0,2.0,5.0,53.24166666666667,247.83333333333334,15.75,12,-19.611496978937254,3.0,66.66666666666666
C331,권도윤,30,남,경기,스탠다드,2020-01-08,N,,2.0,50.0,0.0,2.5,6.5,15.375833333333333,182.83333333333334,8.916666666666666,12,-1.5381305797569107,2.0,0.0
C332,장태양,41,남,경기,스탠다드,2022-07-13,N,,4.0,0.0,0.0,3.75,4.75,16.533333333333335,210.33333333333334,10.083333333333334,12,1.9749567341952612,2.0,100.0
C333,송성민,70,여,대구,스탠다드,2024-06-27,N,,2.0,0.0,0.0,2.5,6.0,21.283333333333335,240.41666666666666,10.333333333333334,12,6.15061748325127,2.0,100.0
C334,장승우,50,남,경기,프리미엄,2022-02-24,N,,2.0,0.0,0.0,2.0,5.0,58.585,280.8333333333333,14.0,12,-18.874632864430364,3.0,33.33333333333333
C335,장유진,21,남,서울,스탠다드,2021-11-30,N,,1.0,100.0,0.0,3.0,3.0,15.006666666666668,212.41666666666666,9.0,12,-17.990701435213253,3.0,100.0
C336,강승우,52,여,경기,스탠다드,2020-11-19,N,,2.0,50.0,0.0,2.0,3.5,15.216666666666667,196.16666666666666,9.916666666666666,12,-20.080796137550514,1.0,100.0
C337,조재원,64,남,부산,프리미엄,2024-05-25,N,,4.0,0.0,25.0,4.0,7.25,68.62166666666667,315.1666666666667,16.75,12,16.2788254451857,2.0,50.0
C338,서소율,34,여,기타,프리미엄,2022-12-30,N,,3.0,0.0,33.33333333333333,3.6666666666666665,5.666666666666667,54.8775,274.1666666666667,16.416666666666668,12,12.394775036284503,4.0,25.0
C339,김민준,44,여,서울,프리미엄,2021-11-24,N,,3.0,0.0,0.0,3.6666666666666665,5.0,50.91166666666666,276.9166666666667,13.75,12,-11.531342546890444,3.0,33.33333333333333
C340,최채원,50,남,경기,스탠다드,2024-06-16,N,,2.0,0.0,0.0,4.0,8.0,17.734166666666667,215.66666666666666,11.583333333333334,12,-7.933212996389873,2.0,100.0
C341,신건우,58,남,인천,프리미엄,2023-08-15,N,,1.0,0.0,0.0,4.0,6.0,58.2475,312.1666666666667,13.0,12,2.0144508670520396,4.0,0.0
C342,조도윤,65,남,서울,스탠다드,2020-07-16,N,,2.0,0.0,0.0,4.0,4.0,14.868333333333334,167.83333333333334,9.083333333333334,12,8.824906367041207,4.0,50.0
C343,임유진,50,남,부산,베이직,2024-01-23,N,,2.0,50.0,50.0,2.5,5.0,6.523333333333333,148.75,8.25,12,9.865951742627376,3.0,33.33333333333333
C344,한채원,62,여,서울,스탠다드,2022-02-09,N,,2.0,0.0,50.0,3.0,6.5,16.440833333333334,209.91666666666666,10.583333333333334,12,11.321765209940029,4.0,25.0
C345,윤지훈,27,여,경기,베이직,2022-02-27,N,,1.0,0.0,0.0,4.0,7.0,6.550833333333333,174.66666666666666,5.75,12,21.125175808720098,2.0,50.0
C346,장혜진,56,여,부산,스탠다드,2022-04-19,Y,2024-09-30,2.0,0.0,0.0,1.0,5.5,14.07,205.0,11.375,8,-28.02379378717779,3.0,100.0
C347,한다은,53,여,인천,프리미엄,2019-09-23,N,,4.0,0.0,50.0,3.75,6.0,51.751666666666665,259.75,12.083333333333334,12,48.24912056283978,1.0,0.0
C348,송준혁,48,여,인천,베이직,2023-03-29,N,,1.0,0.0,0.0,3.0,6.0,6.944166666666667,146.08333333333334,7.416666666666667,12,-0.35936751317682664,4.0,50.0
C349,강예은,68,여,서울,프리미엄,2021-07-05,N,,3.0,0.0,33.33333333333333,2.6666666666666665,5.666666666666667,58.5625,258.6666666666667,15.333333333333334,12,12.61950865303159,1.0,0.0
C350,한유진,68,여,서울,스탠다드,2023-07-12,N,,4.0,25.0,50.0,3.5,6.25,18.475833333333334,203.5,11.25,12,-19.0270182025957,1.0,100.0
C351,김수빈,37,여,경기,베이직,2022-01-27,N,,4.0,0.0,0.0,3.75,6.25,6.239166666666667,137.66666666666666,5.75,12,11.437447048856269,2.0,50.0
C352,김준혁,30,여,기타,베이직,2024-06-10,Y,2024-11-02,6.0,33.33333333333333,0.0,2.5,4.5,6.372,139.7,6.8,10,-30.326361755918168,5.0,100.0
C353,김건우,40,남,기타,프리미엄,2019-04-18,N,,4.0,25.0,75.0,2.5,5.5,52.83583333333333,263.5833333333333,12.583333333333334,12,0.003154474622248795,2.0,50.0
C354,김하은,34,남,서울,스탠다드,2019-02-16,N,,4.0,0.0,0.0,3.25,6.75,13.209166666666667,177.66666666666666,9.5,12,-10.553364407792513,3.0,66.66666666666666
C355,강수빈,62,남,기타,스탠다드,2022-01-17,N,,3.0,0.0,33.33333333333333,2.6666666666666665,6.666666666666667,17.626666666666665,227.75,8.25,12,25.64540217623213,4.0,25.0
C356,임동현,47,남,경기,프리미엄,2021-08-22,N,,4.0,50.0,25.0,3.25,5.5,48.36833333333333,291.1666666666667,13.25,12,29.823797267867754,3.0,66.66666666666666
C357,장태양,27,여,부산,베이직,2020-10-11,N,,2.0,50.0,50.0,3.0,6.0,4.8741666666666665,130.41666666666666,7.75,12,19.227886056971524,3.0,33.33333333333333
C358,최승우,22,남,서울,베이직,2023-02-01,N,,1.0,0.0,100.0,5.0,7.0,6.791666666666667,141.08333333333334,6.25,12,2.032721864154686,3.0,66.66666666666666
C359,서현우,24,남,경기,스탠다드,2019-03-13,N,,1.0,0.0,0.0,2.0,6.0,12.931666666666667,174.66666666666666,8.166666666666666,12,-22.671694663467033,2.0,50.0
C360,한소율,36,남,경기,프리미엄,2019-08-24,N,,2.0,0.0,0.0,3.5,6.5,50.135,311.6666666666667,14.0,12,6.642852236037651,4.0,100.0
C361,최지훈,45,여,경기,프리미엄,2021-08-01,Y,2024-09-12,0.0,,,,,59.85875,281.75,12.125,8,-19.592215013901765,0.0,
C362,전준혁,69,여,서울,스탠다드,2023-11-29,N,,1.0,100.0,0.0,4.0,2.0,16.871666666666666,194.5,9.5,12,-20.59370846256092,2.0,50.0
C363,송현우,37,남,기타,스탠다드,2020-10-31,N,,3.0,33.33333333333333,33.33333333333333,3.6666666666666665,4.0,15.5025,198.41666666666666,8.5,12,3.5561877667140784,3.0,66.66666666666666
C364,황채원,32,남,서울,스탠다드,2020-10-21,N,,3.0,33.33333333333333,33.33333333333333,2.6666666666666665,6.666666666666667,12.725,181.5,7.416666666666667,12,14.375965183209308,1.0,0.0
C365,오채원,56,남,경기,프리미엄,2019-03-04,N,,2.0,50.0,0.0,3.0,6.0,47.428333333333335,293.5,13.666666666666666,12,-10.828956989962107,2.0,100.0
C366,윤하은,28,여,서울,스탠다드,2019-06-08,N,,1.0,0.0,0.0,4.0,7.0,15.505,195.91666666666666,8.583333333333334,12,8.962264150943373,1.0,100.0
C367,강지현,64,여,경기,프리미엄,2023-11-17,N,,1.0,0.0,0.0,4.0,6.0,57.3725,284.0833333333333,15.5,12,-14.223265603497143,3.0,33.33333333333333
C368,류도윤,66,남,대구,베이직,2021-09-13,N,,3.0,66.66666666666666,33.33333333333333,4.0,6.0,6.6000000000000005,164.08333333333334,4.666666666666667,12,-8.69565217391304,2.0,0.0
C369,이재현,47,남,서울,스탠다드,2021-01-12,N,,3.0,0.0,0.0,4.0,6.666666666666667,14.645000000000001,177.91666666666666,9.666666666666666,12,-8.562091503267965,3.0,0.0
C370,강민지,46,여,서울,프리미엄,2020-07-18,N,,2.0,0.0,50.0,3.0,5.0,48.8325,257.0833333333333,14.5,12,-21.404407058608403,1.0,100.0
C371,황지은,61,여,인천,프리미엄,2022-01-25,N,,4.0,25.0,25.0,4.0,6.75,62.120000000000005,302.0833333333333,15.0,12,-7.811895738262815,3.0,66.66666666666666
C372,황혜진,50,여,경기,스탠다드,2019-05-25,N,,2.0,0.0,50.0,3.0,5.0,15.355833333333335,189.83333333333334,10.583333333333334,12,-10.441312622158224,3.0,0.0
C373,장경수,32,남,서울,스탠다드,2022-05-03,N,,4.0,25.0,25.0,3.75,7.0,18.275833333333335,221.58333333333334,10.5,12,6.060321337968614,3.0,100.0
C374,조시우,22,남,경기,스탠다드,2019-02-03,N,,1.0,0.0,0.0,3.0,7.0,14.695,224.25,9.333333333333334,12,5.2852153667054536,2.0,0.0
C375,송수아,21,여,인천,프리미엄,2020-07-24,N,,2.0,50.0,50.0,4.5,6.5,48.7275,262.0,11.833333333333334,12,-11.790266512166854,2.0,0.0
C376,박유진,39,여,기타,프리미엄,2022-09-18,N,,4.0,25.0,0.0,3.5,6.5,58.336666666666666,302.8333333333333,14.083333333333334,12,3.1338865997330467,4.0,50.0
C377,조수아,64,여,서울,스탠다드,2023-10-12,N,,4.0,25.0,25.0,2.75,5.0,18.298333333333336,207.66666666666666,9.666666666666666,12,-3.9639317918042947,2.0,50.0
C378,이하은,26,여,대구,프리미엄,2023-09-13,N,,1.0,0.0,100.0,1.0,7.0,65.27583333333332,303.1666666666667,18.166666666666668,12,-2.0944921677614867,2.0,50.0
C379,황민지,25,남,인천,스탠다드,2020-01-20,N,,1.0,0.0,0.0,3.0,6.0,13.75,200.08333333333334,9.666666666666666,12,-7.197943444730082,1.0,100.0
C380,강지아,20,남,경기,스탠다드,2024-06-18,N,,2.0,0.0,0.0,4.0,7.0,20.4575,241.83333333333334,12.333333333333334,12,2.7502477700693744,4.0,25.0
C381,한태양,22,여,서울,베이직,2020-11-06,N,,1.0,0.0,0.0,3.0,3.0,6.45,118.58333333333333,5.333333333333333,12,-10.107948969578016,3.0,66.66666666666666
C382,안예은,51,남,서울,프리미엄,2022-12-06,N,,3.0,66.66666666666666,33.33333333333333,3.3333333333333335,6.333333333333333,59.67916666666667,298.9166666666667,15.916666666666666,12,-16.592824032576125,2.0,50.0
C383,신지아,69,여,경기,스탠다드,2019-11-27,N,,3.0,0.0,0.0,4.333333333333333,5.333333333333333,15.859166666666667,174.83333333333334,9.75,12,-12.650127977948427,1.0,0.0
C384,송하은,35,여,경기,베이직,2024-02-17,Y,2024-11-09,4.0,0.0,0.0,3.25,6.5,7.194,152.4,8.0,10,16.70785961443401,4.0,100.0
C385,임도윤,52,남,서울,프리미엄,2019-08-02,N,,1.0,0.0,100.0,4.0,6.0,51.806666666666665,264.75,14.5,12,-3.2222327730826423,3.0,33.33333333333333
C386,임지은,62,여,부산,베이직,2023-10-04,N,,4.0,50.0,0.0,3.75,6.75,5.8125,139.08333333333334,6.25,12,-14.49468085106383,3.0,0.0
C387,임수빈,53,여,기타,베이직,2023-06-05,N,,1.0,0.0,0.0,5.0,8.0,5.8374999999999995,158.91666666666666,6.916666666666667,12,9.417040358744401,4.0,75.0
C388,조유진,40,남,서울,프리미엄,2022-08-05,N,,1.0,0.0,0.0,3.0,4.0,62.965,300.4166666666667,17.083333333333332,12,1.8001175150899966,4.0,75.0
C389,정수빈,62,여,경기,프리미엄,2020-05-19,N,,1.0,100.0,100.0,5.0,5.0,54.6175,280.8333333333333,14.666666666666666,12,12.388606241291024,2.0,0.0
C390,장동현,60,여,인천,베이직,2022-05-30,N,,2.0,0.0,0.0,3.5,5.0,6.338333333333334,192.08333333333334,4.5,12,17.687464224384648,4.0,75.0
C391,송유진,27,여,기타,스탠다드,2019-05-05,N,,3.0,100.0,33.33333333333333,4.0,5.666666666666667,14.093333333333334,191.75,9.25,12,5.118253486961794,4.0,75.0
C392,임하은,45,여,서울,스탠다드,2019-05-07,N,,1.0,0.0,0.0,2.0,5.0,15.431666666666667,169.5,7.416666666666667,12,-6.134840871021786,4.0,100.0
C393,이다은,70,남,대구,베이직,2020-02-01,N,,1.0,0.0,0.0,3.0,4.0,5.5275,148.0,6.583333333333333,12,-54.31583571271689,2.0,50.0
C394,안혜진,52,여,서울,프리미엄,2021-12-17,N,,1.0,100.0,100.0,5.0,9.0,53.03666666666666,247.83333333333334,13.5,12,7.796787253493544,3.0,33.33333333333333
C395,조민지,63,여,부산,스탠다드,2024-03-18,N,,2.0,0.0,0.0,4.0,5.5,19.675833333333333,238.08333333333334,9.75,12,6.2636498645933445,1.0,100.0
C396,송재현,46,여,경기,베이직,2024-04-23,Y,2024-11-11,0.0,,,,,5.726,151.5,9.0,10,38.31822759315206,0.0,
C397,장경수,41,여,기타,프리미엄,2019-09-24,N,,4.0,25.0,0.0,3.5,5.75,56.69416666666667,264.9166666666667,10.583333333333334,12,-3.9168780262854397,1.0,100.0
C398,권동현,28,여,인천,스탠다드,2023-02-25,N,,2.0,0.0,100.0,2.5,3.0,15.818333333333333,228.91666666666666,12.416666666666666,12,-7.855046057293247,1.0,100.0
C399,황수아,45,여,인천,베이직,2021-06-23,N,,4.0,25.0,25.0,2.75,4.25,5.623333333333334,155.58333333333334,6.583333333333333,12,5.543710021321951,3.0,33.33333333333333
C400,류지아,29,남,서울,프리미엄,2022-07-18,N,,1.0,0.0,0.0,3.0,3.0,57.76166666666666,315.75,14.333333333333334,12,-18.449933209355944,1.0,100.0
C401,한준혁,61,여,경기,베이직,2021-08-29,N,,1.0,0.0,100.0,3.0,6.0,5.7508333333333335,135.5,5.583333333333333,12,-10.359989007969215,3.0,33.33333333333333
C402,전하은,20,남,대구,베이직,2019-01-12,Y,2024-11-16,0.0,,,,,4.197,152.7,3.6,10,-35.867346938775505,0.0,
C403,서성민,46,여,서울,스탠다드,2024-03-12,N,,3.0,0.0,33.33333333333333,3.0,7.666666666666667,18.315,240.58333333333334,11.666666666666666,12,-8.770555990602992,1.0,0.0
C404,정예은,25,남,부산,베이직,2024-04-27,N,,1.0,0.0,0.0,2.0,7.0,7.263333333333333,196.75,7.0,12,-14.671486285349781,3.0,66.66666666666666
C405,권경수,39,남,부산,베이직,2023-06-19,N,,4.0,25.0,0.0,4.0,7.75,6.660833333333334,151.58333333333334,6.916666666666667,12,-24.17509898812143,3.0,0.0
C406,정예은,63,남,기타,스탠다드,2023-12-22,N,,3.0,33.33333333333333,66.66666666666666,3.0,7.666666666666667,16.9325,198.16666666666666,11.333333333333334,12,-6.060895294454522,3.0,0.0
C407,박서연,57,여,서울,스탠다드,2022-01-28,N,,2.0,0.0,0.0,5.0,6.5,15.206666666666665,213.75,9.75,12,-4.9802287057817605,4.0,50.0
C408,황도윤,40,여,서울,베이직,2020-12-21,N,,2.0,0.0,50.0,2.5,6.5,5.736666666666667,128.25,6.333333333333333,12,45.244032775204815,3.0,66.66666666666666
C409,박태양,61,남,서울,베이직,2020-04-16,Y,2024-07-16,0.0,,,,,4.823333333333333,145.83333333333334,5.5,6,,0.0,
C410,오지아,36,남,서울,베이직,2023-04-22,N,,4.0,50.0,0.0,3.25,7.25,6.986666666666667,144.25,5.166666666666667,12,-2.7294117647058824,3.0,33.33333333333333
C411,이유진,70,여,부산,프리미엄,2023-03-13,N,,2.0,0.0,0.0,2.5,5.0,53.501666666666665,289.5833333333333,13.75,12,-16.113879818983786,4.0,50.0
C412,김혜진,52,여,서울,프리미엄,2022-12-18,N,,4.0,25.0,0.0,3.25,6.5,55.80583333333333,327.4166666666667,15.416666666666666,12,-4.407383608855671,3.0,0.0
C413,김시우,55,남,경기,베이직,2019-10-20,N,,2.0,0.0,50.0,2.0,6.0,4.985,106.66666666666667,6.833333333333333,12,-6.658047834518429,3.0,66.66666666666666
C414,송민지,37,여,서울,프리미엄,2019-05-03,N,,2.0,50.0,50.0,3.0,4.0,52.1875,254.83333333333334,14.833333333333334,12,4.069994786235656,3.0,33.33333333333333
C415,조민준,45,남,서울,프리미엄,2022-04-09,N,,1.0,0.0,0.0,4.0,6.0,55.32750000000001,301.3333333333333,15.416666666666666,12,-9.68037838612586,3.0,66.66666666666666
C416,윤성민,25,여,경기,스탠다드,2023-07-12,N,,1.0,0.0,0.0,1.0,5.0,15.049166666666666,199.08333333333334,10.083333333333334,12,6.152968036529681,1.0,0.0
C417,송지훈,48,여,인천,베이직,2023-04-12,N,,1.0,0.0,100.0,4.0,5.0,6.134166666666666,157.5,6.416666666666667,12,4.756606397774674,4.0,75.0
C418,전현우,56,여,서울,프리미엄,2020-09-22,Y,2024-07-05,5.0,0.0,20.0,3.4,2.2,50.07666666666666,207.16666666666666,12.5,6,,5.0,60.0
C419,오태양,42,남,경기,스탠다드,2021-12-08,N,,4.0,25.0,0.0,3.25,7.0,15.868333333333332,189.75,9.416666666666666,12,-16.69233731228341,1.0,0.0
C420,류준혁,70,여,서울,스탠다드,2022-02-13,N,,3.0,33.33333333333333,33.33333333333333,3.0,6.333333333333333,16.89666666666667,167.91666666666666,9.666666666666666,12,-21.262341325811025,4.0,25.0
C421,송지은,48,여,부산,프리미엄,2020-05-08,N,,2.0,50.0,0.0,3.0,6.0,48.02916666666667,249.5,15.583333333333334,12,-14.577100022520353,1.0,0.0
C422,임다은,51,여,서울,베이직,2019-12-06,N,,3.0,66.66666666666666,0.0,4.333333333333333,6.0,5.6325,127.91666666666667,5.5,12,22.116332566546163,3.0,0.0
C423,장현우,29,여,서울,베이직,2024-02-14,N,,4.0,25.0,0.0,3.25,8.0,7.424166666666667,158.08333333333334,7.833333333333333,12,7.186046511627915,2.0,50.0
C424,황혜진,51,여,경기,베이직,2020-01-26,N,,3.0,66.66666666666666,0.0,3.6666666666666665,4.333333333333333,5.808333333333334,140.33333333333334,6.0,12,-12.936124530327433,2.0,50.0
C425,신수아,28,여,서울,프리미엄,2020-04-09,N,,3.0,33.33333333333333,0.0,3.6666666666666665,5.333333333333333,52.23333333333333,245.58333333333334,15.083333333333334,12,-7.322246472595369,4.0,50.0
C426,정주원,66,남,기타,스탠다드,2020-08-05,N,,2.0,0.0,50.0,3.0,7.0,13.126666666666667,177.58333333333334,8.333333333333334,12,-12.342149154157731,2.0,50.0
C427,정건우,49,여,서울,베이직,2023-04-26,N,,4.0,0.0,25.0,3.5,6.25,7.658333333333334,182.41666666666666,5.416666666666667,12,13.274541656996966,4.0,100.0
C428,권유진,48,남,기타,스탠다드,2020-05-14,N,,3.0,33.33333333333333,100.0,3.6666666666666665,5.333333333333333,12.979999999999999,134.5,9.416666666666666,12,7.100119664938179,4.0,75.0
C429,조동현,40,남,경기,스탠다드,2022-04-18,N,,1.0,0.0,0.0,4.0,3.0,16.54,215.66666666666666,12.083333333333334,12,-4.221739988163333,4.0,0.0
C430,김승우,64,여,서울,스탠다드,2021-10-19,N,,4.0,75.0,0.0,3.25,5.25,15.856666666666667,168.66666666666666,7.583333333333333,12,-21.918577445016382,4.0,0.0
C431,서지아,66,여,경기,프리미엄,2020-01-31,N,,4.0,0.0,0.0,3.25,5.5,54.7875,270.6666666666667,12.833333333333334,12,10.175505898149035,1.0,100.0
C432,신재원,47,남,기타,스탠다드,2024-04-30,N,,2.0,50.0,0.0,3.5,7.0,20.57166666666667,243.5,11.666666666666666,12,-5.100268435180789,1.0,0.0
C433,오재원,53,남,서울,프리미엄,2021-03-01,N,,3.0,33.33333333333333,66.66666666666666,3.6666666666666665,4.666666666666667,45.9775,230.0,13.75,12,-16.237010391686653,1.0,100.0
C434,전예은,39,남,서울,스탠다드,2019-12-26,N,,3.0,0.0,0.0,3.6666666666666665,5.666666666666667,15.639166666666666,197.08333333333334,8.583333333333334,12,31.348619329388576,1.0,100.0
C435,박준혁,61,여,서울,베이직,2022-09-18,N,,1.0,0.0,100.0,4.0,5.0,6.23,144.33333333333334,8.25,12,-1.8552875695732773,4.0,25.0
C436,최태양,36,남,서울,베이직,2019-09-18,N,,3.0,66.66666666666666,33.33333333333333,4.0,4.666666666666667,5.235,128.08333333333334,6.416666666666667,12,-19.84513908804128,2.0,50.0
C437,오도윤,35,여,기타,스탠다드,2021-01-08,N,,4.0,25.0,25.0,3.0,4.75,12.844999999999999,183.0,8.666666666666666,12,-2.25785760102631,1.0,100.0
C438,강경수,27,남,기타,스탠다드,2023-06-19,N,,1.0,0.0,0.0,5.0,9.0,17.279999999999998,227.25,9.416666666666666,12,-0.3658419177818588,1.0,100.0
C439,서다은,57,여,기타,프리미엄,2022-02-27,N,,4.0,0.0,0.0,2.75,5.0,63.95666666666667,291.25,17.333333333333332,12,0.3236583837962057,4.0,50.0
C440,전지은,59,여,서울,프리미엄,2022-05-24,N,,2.0,50.0,50.0,2.5,6.0,59.26166666666666,299.25,16.0,12,-5.832081911262803,3.0,100.0
C441,황민지,43,여,경기,스탠다드,2021-12-04,N,,3.0,0.0,66.66666666666666,3.6666666666666665,7.666666666666667,15.232500000000002,155.58333333333334,7.833333333333333,12,-12.484612228149357,1.0,0.0
C442,정하은,46,남,대구,프리미엄,2020-04-12,N,,2.0,100.0,50.0,1.5,6.0,59.11083333333334,245.91666666666666,10.916666666666666,12,0.8068168950288779,1.0,0.0
C443,임주원,34,여,기타,베이직,2022-01-10,N,,1.0,0.0,0.0,5.0,5.0,6.482499999999999,149.41666666666666,7.0,12,18.9417393751759,2.0,50.0
C444,강주원,35,여,기타,스탠다드,2022-11-15,N,,2.0,0.0,0.0,3.5,5.0,18.8125,192.33333333333334,9.25,12,1.1315039201710584,4.0,75.0
C445,조지훈,46,여,경기,베이직,2019-05-27,N,,3.0,33.33333333333333,33.33333333333333,3.3333333333333335,3.6666666666666665,5.150833333333334,166.16666666666666,4.916666666666667,12,-18.579395362488988,1.0,0.0
C446,최다은,28,남,경기,프리미엄,2021-08-16,N,,3.0,0.0,33.33333333333333,4.666666666666667,5.666666666666667,48.54,288.6666666666667,15.0,12,29.956573233320178,3.0,33.33333333333333
C447,전다은,39,여,인천,프리미엄,2020-10-16,N,,4.0,0.0,25.0,3.0,4.5,55.2275,261.6666666666667,15.333333333333334,12,8.760158760158756,4.0,75.0
C448,송예은,21,여,서울,프리미엄,2019-11-25,N,,2.0,0.0,50.0,3.0,4.5,56.20666666666667,275.5,11.416666666666666,12,9.160542065928597,2.0,50.0
C449,전건우,31,남,서울,베이직,2022-03-31,Y,2024-11-30,6.0,0.0,33.33333333333333,3.0,6.666666666666667,7.093000000000001,135.1,5.9,10,-37.59233379916152,5.0,80.0
C450,한현우,24,여,부산,스탠다드,2019-06-15,N,,2.0,50.0,0.0,3.5,5.5,13.887500000000001,195.0,9.583333333333334,12,-2.1723646723646706,4.0,0.0
C451,강수아,56,남,경기,프리미엄,2019-03-29,N,,4.0,25.0,0.0,3.75,5.75,51.37,254.41666666666666,13.083333333333334,12,25.951176599956028,4.0,50.0
C452,정지현,67,남,부산,스탠다드,2022-11-11,N,,2.0,0.0,0.0,4.0,6.0,17.07166666666667,216.25,10.75,12,-12.450791906985256,1.0,100.0
C453,조민준,45,남,인천,베이직,2019-10-15,N,,2.0,50.0,0.0,3.0,6.0,5.764166666666667,147.58333333333334,8.083333333333334,12,-17.010582010582006,2.0,100.0
C454,정현우,52,남,경기,스탠다드,2019-08-09,N,,4.0,25.0,75.0,3.0,4.5,15.3925,191.25,9.416666666666666,12,-3.3326235093696868,3.0,33.33333333333333
C455,이지훈,22,여,기타,베이직,2021-07-24,N,,3.0,0.0,33.33333333333333,2.6666666666666665,4.333333333333333,6.185,132.08333333333334,5.416666666666667,12,29.99690114657576,3.0,33.33333333333333
C456,정태양,42,남,서울,베이직,2019-06-15,Y,2024-11-19,3.0,0.0,0.0,2.3333333333333335,4.666666666666667,5.087,123.0,6.8,10,-0.8001306335728314,6.0,66.66666666666666
C457,정태양,48,여,인천,프리미엄,2020-06-20,N,,3.0,33.33333333333333,0.0,1.6666666666666667,5.666666666666667,52.5275,282.6666666666667,12.833333333333334,12,9.697594730363619,3.0,0.0
C458,조수빈,59,여,인천,스탠다드,2022-03-20,N,,1.0,0.0,0.0,4.0,7.0,16.92833333333333,208.5,9.833333333333334,12,21.40599455040873,1.0,0.0
C459,안현우,43,여,서울,스탠다드,2021-07-26,N,,1.0,0.0,0.0,4.0,5.0,14.103333333333333,169.33333333333334,9.583333333333334,12,2.2466539196940674,4.0,50.0
C460,정성민,27,여,서울,스탠다드,2024-04-07,N,,1.0,0.0,0.0,4.0,6.0,17.478333333333335,234.25,9.5,12,-15.483416908595057,1.0,0.0
C461,송재현,43,남,대구,베이직,2021-07-28,N,,4.0,25.0,25.0,3.25,5.25,5.1258333333333335,134.41666666666666,7.333333333333333,12,-27.60650224215245,3.0,66.66666666666666
C462,이소율,70,여,경기,프리미엄,2022-07-17,N,,1.0,0.0,0.0,4.0,6.0,57.2075,268.6666666666667,15.833333333333334,12,-14.145707556109056,4.0,75.0
C463,최수아,29,남,서울,베이직,2024-04-06,N,,3.0,33.33333333333333,33.33333333333333,3.3333333333333335,7.333333333333333,6.6691666666666665,161.75,7.416666666666667,12,0.4257450538442272,1.0,0.0
C464,송예은,21,남,서울,스탠다드,2022-08-16,N,,1.0,0.0,0.0,4.0,2.0,16.689166666666665,182.33333333333334,9.833333333333334,12,-0.08983829107604521,4.0,25.0
C465,최유진,32,여,대구,스탠다드,2023-12-15,N,,4.0,25.0,0.0,3.0,5.5,17.793333333333333,226.41666666666666,11.666666666666666,12,3.5850495804729126,4.0,50.0
C466,한예은,67,남,인천,베이직,2021-03-24,N,,4.0,50.0,25.0,3.25,4.25,4.960833333333333,124.83333333333333,6.5,12,18.218475073313776,1.0,100.0
C467,황예은,43,남,기타,스탠다드,2023-12-26,N,,2.0,0.0,0.0,4.0,6.0,17.254166666666666,195.83333333333334,9.333333333333334,12,-6.25994198558996,2.0,100.0
C468,이지은,37,여,서울,베이직,2024-06-05,N,,3.0,33.33333333333333,0.0,4.0,6.666666666666667,6.639166666666667,162.08333333333334,7.083333333333333,12,-5.872319688109158,4.0,75.0
C469,류재원,34,여,경기,스탠다드,2023-05-23,N,,1.0,100.0,0.0,3.0,5.0,17.388333333333332,202.16666666666666,9.666666666666666,12,11.837563451776639,1.0,0.0
C470,송성민,62,여,부산,스탠다드,2021-02-04,N,,4.0,50.0,50.0,3.75,4.0,13.280833333333334,158.66666666666666,9.583333333333334,12,-22.587108983635765,1.0,0.0
C471,강수빈,42,남,서울,프리미엄,2023-07-21,N,,1.0,0.0,0.0,4.0,5.0,60.33416666666667,307.3333333333333,18.833333333333332,12,19.310574622118544,3.0,66.66666666666666
C472,류현우,70,남,경기,베이직,2020-03-13,N,,4.0,25.0,0.0,3.25,7.0,5.323333333333333,124.33333333333333,5.083333333333333,12,96.42691415313223,1.0,100.0
C473,류서연,69,남,기타,프리미엄,2023-12-19,N,,2.0,50.0,100.0,3.0,6.5,58.979166666666664,279.25,15.75,12,-10.076479270092568,2.0,100.0
C474,오지아,67,남,서울,프리미엄,2021-08-06,N,,2.0,0.0,0.0,4.5,5.5,49.4075,239.25,16.25,12,-12.24586737602127,1.0,0.0
C475,조예은,52,여,기타,스탠다드,2021-04-27,N,,2.0,50.0,0.0,2.5,7.5,14.840833333333334,171.16666666666666,10.25,12,11.633986928104584,3.0,33.33333333333333
C476,황경수,47,남,경기,베이직,2019-11-24,N,,4.0,25.0,0.0,3.75,5.0,5.335833333333333,127.41666666666667,5.833333333333333,12,-13.105662580268529,1.0,0.0
C477,전시우,24,여,서울,프리미엄,2020-04-21,N,,2.0,0.0,0.0,3.5,5.0,57.45166666666666,266.3333333333333,12.916666666666666,12,-13.725649131339335,1.0,100.0
C478,오수빈,59,남,경기,프리미엄,2023-02-08,N,,2.0,0.0,0.0,3.5,3.5,51.9775,300.8333333333333,15.416666666666666,12,6.294030097569029,1.0,0.0
C479,조태양,61,여,인천,베이직,2023-04-30,N,,1.0,0.0,100.0,3.0,7.0,6.571666666666666,171.08333333333334,7.416666666666667,12,-5.283950617283947,2.0,100.0
C480,최동현,33,여,부산,프리미엄,2020-04-01,N,,2.0,0.0,0.0,3.5,5.5,51.29,254.08333333333334,17.5,12,16.147497805092186,2.0,0.0
C481,송태양,40,남,인천,베이직,2022-12-31,N,,1.0,0.0,0.0,4.0,7.0,6.094166666666666,160.91666666666666,6.0,12,-4.2034805890227585,1.0,100.0
C482,강주원,65,여,경기,베이직,2021-07-12,N,,1.0,0.0,100.0,5.0,5.0,6.003333333333334,120.08333333333333,4.416666666666667,12,12.256923983500311,3.0,66.66666666666666
C483,장예은,49,남,경기,프리미엄,2022-06-26,N,,3.0,33.33333333333333,33.33333333333333,3.3333333333333335,7.0,54.445,312.75,14.5,12,21.396136902744832,4.0,25.0
C484,장지은,65,여,서울,베이직,2021-11-30,Y,2024-10-24,0.0,,,,,4.95888888888889,124.66666666666667,5.0,9,-64.9815692469721,0.0,
C485,권재현,64,남,서울,프리미엄,2019-09-07,N,,2.0,0.0,50.0,3.0,8.0,52.25833333333333,238.25,12.166666666666666,12,-20.2997392325988,3.0,33.33333333333333
C486,장지훈,62,여,서울,스탠다드,2022-07-09,Y,2024-12-25,0.0,,,,,16.17,216.0,8.363636363636363,11,-19.714741484470302,0.0,
C487,신태양,41,여,서울,베이직,2020-11-28,Y,2024-07-26,5.0,0.0,20.0,3.6,5.4,4.141666666666667,77.83333333333333,5.5,6,,6.0,50.0
C488,박재원,69,여,부산,스탠다드,2022-07-14,N,,3.0,66.66666666666666,33.33333333333333,3.0,5.333333333333333,17.658333333333335,189.16666666666666,12.666666666666666,12,12.473678933119428,3.0,0.0
C489,황성민,50,남,서울,프리미엄,2022-05-14,N,,2.0,0.0,50.0,3.5,4.5,57.04083333333333,281.6666666666667,11.5,12,14.566941475188875,2.0,0.0
C490,박혜진,33,여,기타,스탠다드,2021-05-15,N,,4.0,25.0,0.0,3.25,4.0,14.574166666666665,200.83333333333334,8.916666666666666,12,-37.35701664651725,1.0,100.0
C491,류다은,60,남,부산,베이직,2022-07-20,N,,3.0,33.33333333333333,33.33333333333333,3.3333333333333335,5.666666666666667,6.333333333333333,167.75,7.333333333333333,12,29.746070133010893,3.0,66.66666666666666
C492,조수아,58,남,부산,프리미엄,2023-11-02,N,,4.0,0.0,0.0,3.75,6.25,59.11916666666667,310.3333333333333,16.5,12,7.326553276053541,4.0,50.0
C493,황성민,26,여,서울,베이직,2022-12-27,Y,2024-09-18,6.0,16.666666666666664,16.666666666666664,3.0,5.333333333333333,5.81,143.125,6.375,8,-52.70236612702366,4.0,50.0
C494,전서연,63,여,서울,프리미엄,2023-08-28,Y,2024-09-23,7.0,0.0,14.285714285714285,2.5714285714285716,4.428571428571429,49.24625,253.5,17.375,8,-14.76205997392438,3.0,100.0
C495,임나연,37,여,기타,프리미엄,2021-04-26,N,,3.0,0.0,0.0,3.3333333333333335,6.666666666666667,48.655833333333334,295.6666666666667,15.25,12,19.359807641732704,3.0,100.0
C496,안태양,37,남,인천,스탠다드,2021-09-20,N,,1.0,0.0,100.0,2.0,4.0,14.659166666666666,179.08333333333334,9.25,12,-17.23636363636365,4.0,25.0
C497,황승우,25,남,경기,스탠다드,2019-05-31,N,,2.0,50.0,0.0,3.5,6.5,17.039166666666667,171.83333333333334,7.333333333333333,12,7.499492591840892,2.0,50.0
C498,최재원,23,남,부산,스탠다드,2023-08-31,N,,4.0,25.0,0.0,4.0,6.25,16.401666666666667,246.25,9.833333333333334,12,9.851796566798173,1.0,0.0
C499,한승우,57,여,대구,스탠다드,2023-07-19,N,,4.0,75.0,25.0,3.25,4.75,15.779166666666667,217.25,9.416666666666666,12,12.99212598425196,1.0,100.0
C500,박민준,24,여,서울,베이직,2021-12-14,N,,2.0,0.0,50.0,4.0,4.0,6.178333333333334,133.91666666666666,4.583333333333333,12,4.467733039161619,2.0,100.0
